{
  "config" : {
    "folder" : "/tmp/test_rocksdb-benchmark_benchmark",
    "hotsetCount" : 0,
    "keyCount" : 100000000,
    "lookupCount" : 0,
    "rangeLimit" : 0,
    "threadCount" : 32,
    "transactionSize" : 1000
  },
  "workloads" : [
    {
      "name" : "insert",
      "performance" : {
        "count" : 100000000,
        "latencies" : {
          "0.500000" : [
            510.975,
            "μs"
          ],
          "0.600000" : [
            569.343,
            "μs"
          ],
          "0.700000" : [
            649.215,
            "μs"
          ],
          "0.800000" : [
            778.751,
            "μs"
          ],
          "0.900000" : [
            1.080831,
            "ms"
          ],
          "0.950000" : [
            1.562623,
            "ms"
          ],
          "0.990000" : [
            3.162111,
            "ms"
          ],
          "0.999000" : [
            7.340031,
            "ms"
          ],
          "0.999999" : [
            8.589934591,
            "s"
          ]
        },
        "throughput" : 4.270126515622746e+4,
        "time" : [
          39.03084980196667,
          "m"
        ]
      },
      "usage" : {
        "disk" : {
          "0.500000" : [
            6.341327667236328,
            "GB"
          ],
          "0.600000" : [
            7.363903045654297,
            "GB"
          ],
          "0.700000" : [
            8.514717102050781,
            "GB"
          ],
          "0.800000" : [
            9.615951538085938,
            "GB"
          ],
          "0.900000" : [
            10.63265609741211,
            "GB"
          ],
          "0.950000" : [
            11.178024291992188,
            "GB"
          ],
          "0.990000" : [
            11.945934295654297,
            "GB"
          ],
          "0.999000" : [
            12.296554565429688,
            "GB"
          ],
          "0.999999" : [
            12.422874450683594,
            "GB"
          ]
        },
        "resident" : {
          "0.500000" : [
            306.89453125,
            "MB"
          ],
          "0.600000" : [
            313.15625,
            "MB"
          ],
          "0.700000" : [
            319.1953125,
            "MB"
          ],
          "0.800000" : [
            325.83984375,
            "MB"
          ],
          "0.900000" : [
            333.1484375,
            "MB"
          ],
          "0.950000" : [
            338.2265625,
            "MB"
          ],
          "0.990000" : [
            348.8828125,
            "MB"
          ],
          "0.999000" : [
            355.58984375,
            "MB"
          ],
          "0.999999" : [
            357.51953125,
            "MB"
          ]
        },
        "virtual" : {
          "0.500000" : [
            944.72265625,
            "MB"
          ],
          "0.600000" : [
            968.72265625,
            "MB"
          ],
          "0.700000" : [
            968.72265625,
            "MB"
          ],
          "0.800000" : [
            968.72265625,
            "MB"
          ],
          "0.900000" : [
            976.72265625,
            "MB"
          ],
          "0.950000" : [
            976.72265625,
            "MB"
          ],
          "0.990000" : [
            976.72265625,
            "MB"
          ],
          "0.999000" : [
            976.72265625,
            "MB"
          ],
          "0.999999" : [
            976.72265625,
            "MB"
          ]
        }
      }
    },
    {
      "name" : "insertBatch",
      "performance" : {
        "count" : 100000000,
        "latencies" : {
          "0.500000" : [
            513.540095,
            "ms"
          ],
          "0.600000" : [
            561.971199,
            "ms"
          ],
          "0.700000" : [
            618.004479,
            "ms"
          ],
          "0.800000" : [
            696.909823,
            "ms"
          ],
          "0.900000" : [
            891.813887,
            "ms"
          ],
          "0.950000" : [
            1.128792063,
            "s"
          ],
          "0.990000" : [
            1.606418431,
            "s"
          ],
          "0.999000" : [
            2.248146943,
            "s"
          ],
          "0.999999" : [
            4.294967295,
            "s"
          ]
        },
        "throughput" : 6.460644507278796e+4,
        "time" : [
          25.797219840666667,
          "m"
        ]
      },
      "usage" : {
        "disk" : {
          "0.500000" : [
            17.10980987548828,
            "GB"
          ],
          "0.600000" : [
            18.40021514892578,
            "GB"
          ],
          "0.700000" : [
            19.339221954345703,
            "GB"
          ],
          "0.800000" : [
            20.441627502441406,
            "GB"
          ],
          "0.900000" : [
            21.432498931884766,
            "GB"
          ],
          "0.950000" : [
            21.939586639404297,
            "GB"
          ],
          "0.990000" : [
            22.438034057617188,
            "GB"
          ],
          "0.999000" : [
            23.15766143798828,
            "GB"
          ],
          "0.999999" : [
            23.220687866210938,
            "GB"
          ]
        },
        "resident" : {
          "0.500000" : [
            297.30078125,
            "MB"
          ],
          "0.600000" : [
            304.5625,
            "MB"
          ],
          "0.700000" : [
            313.2734375,
            "MB"
          ],
          "0.800000" : [
            322.87890625,
            "MB"
          ],
          "0.900000" : [
            334.77734375,
            "MB"
          ],
          "0.950000" : [
            342.78515625,
            "MB"
          ],
          "0.990000" : [
            352.35546875,
            "MB"
          ],
          "0.999000" : [
            360.12890625,
            "MB"
          ],
          "0.999999" : [
            360.2734375,
            "MB"
          ]
        },
        "virtual" : {
          "0.500000" : [
            992.72265625,
            "MB"
          ],
          "0.600000" : [
            992.72265625,
            "MB"
          ],
          "0.700000" : [
            992.72265625,
            "MB"
          ],
          "0.800000" : [
            992.72265625,
            "MB"
          ],
          "0.900000" : [
            1000.72265625,
            "MB"
          ],
          "0.950000" : [
            1000.72265625,
            "MB"
          ],
          "0.990000" : [
            1008.72265625,
            "MB"
          ],
          "0.999000" : [
            1008.72265625,
            "MB"
          ],
          "0.999999" : [
            1008.72265625,
            "MB"
          ]
        }
      }
    }
  ]
}
