{
  "config" : {
    "folder" : "/tmp/test_rocksdb-benchmark_benchmark",
    "hotsetCount" : 50000,
    "keyCount" : 1000000,
    "lookupCount" : 5000000,
    "rangeLimit" : 200000,
    "threadCount" : 1,
    "transactionSize" : 1000
  },
  "workloads" : [
    {
      "name" : "insert",
      "performance" : {
        "count" : 1000000,
        "latencies" : {
          "0.500000" : [
            70.831,
            "μs"
          ],
          "0.600000" : [
            75.463,
            "μs"
          ],
          "0.700000" : [
            82.239,
            "μs"
          ],
          "0.800000" : [
            88.167,
            "μs"
          ],
          "0.900000" : [
            93.567,
            "μs"
          ],
          "0.950000" : [
            97.759,
            "μs"
          ],
          "0.990000" : [
            110.847,
            "μs"
          ],
          "0.999000" : [
            524.287,
            "μs"
          ],
          "0.999999" : [
            134.217727,
            "ms"
          ]
        },
        "throughput" : 1.2715788706775988e+4,
        "time" : [
          1.3107064808166666,
          "m"
        ]
      },
      "usage" : {
        "disk" : {
          "0.500000" : [
            112.73046875,
            "MB"
          ],
          "0.600000" : [
            112.73046875,
            "MB"
          ],
          "0.700000" : [
            150.98046875,
            "MB"
          ],
          "0.800000" : [
            150.98046875,
            "MB"
          ],
          "0.900000" : [
            150.98046875,
            "MB"
          ],
          "0.950000" : [
            150.98046875,
            "MB"
          ],
          "0.990000" : [
            150.98046875,
            "MB"
          ],
          "0.999000" : [
            150.98046875,
            "MB"
          ],
          "0.999999" : [
            150.98046875,
            "MB"
          ]
        },
        "resident" : {
          "0.500000" : [
            120.4296875,
            "MB"
          ],
          "0.600000" : [
            137.375,
            "MB"
          ],
          "0.700000" : [
            154.63671875,
            "MB"
          ],
          "0.800000" : [
            169.1328125,
            "MB"
          ],
          "0.900000" : [
            183.18359375,
            "MB"
          ],
          "0.950000" : [
            190.21484375,
            "MB"
          ],
          "0.990000" : [
            195.3828125,
            "MB"
          ],
          "0.999000" : [
            195.3828125,
            "MB"
          ],
          "0.999999" : [
            195.3828125,
            "MB"
          ]
        },
        "virtual" : {
          "0.500000" : [
            188.59765625,
            "MB"
          ],
          "0.600000" : [
            204.59765625,
            "MB"
          ],
          "0.700000" : [
            228.59765625,
            "MB"
          ],
          "0.800000" : [
            236.59765625,
            "MB"
          ],
          "0.900000" : [
            252.59765625,
            "MB"
          ],
          "0.950000" : [
            260.59765625,
            "MB"
          ],
          "0.990000" : [
            268.59765625,
            "MB"
          ],
          "0.999000" : [
            268.59765625,
            "MB"
          ],
          "0.999999" : [
            268.59765625,
            "MB"
          ]
        }
      }
    },
    {
      "name" : "lookupSingle",
      "performance" : {
        "count" : 5000000,
        "latencies" : {
          "0.500000" : [
            36.404,
            "μs"
          ],
          "0.600000" : [
            37.854,
            "μs"
          ],
          "0.700000" : [
            39.214,
            "μs"
          ],
          "0.800000" : [
            40.558,
            "μs"
          ],
          "0.900000" : [
            42.249,
            "μs"
          ],
          "0.950000" : [
            43.711,
            "μs"
          ],
          "0.990000" : [
            47.359,
            "μs"
          ],
          "0.999000" : [
            58.367,
            "μs"
          ],
          "0.999999" : [
            8.388607,
            "ms"
          ]
        },
        "throughput" : 2.6689906804940558e+4,
        "time" : [
          3.1222789177333334,
          "m"
        ]
      },
      "usage" : {
        "disk" : {
          "0.500000" : [
            150.98046875,
            "MB"
          ],
          "0.600000" : [
            150.98046875,
            "MB"
          ],
          "0.700000" : [
            150.98046875,
            "MB"
          ],
          "0.800000" : [
            150.98046875,
            "MB"
          ],
          "0.900000" : [
            150.98046875,
            "MB"
          ],
          "0.950000" : [
            150.98046875,
            "MB"
          ],
          "0.990000" : [
            150.98046875,
            "MB"
          ],
          "0.999000" : [
            150.98046875,
            "MB"
          ],
          "0.999999" : [
            150.98046875,
            "MB"
          ]
        },
        "resident" : {
          "0.500000" : [
            200.99609375,
            "MB"
          ],
          "0.600000" : [
            200.99609375,
            "MB"
          ],
          "0.700000" : [
            200.99609375,
            "MB"
          ],
          "0.800000" : [
            200.99609375,
            "MB"
          ],
          "0.900000" : [
            200.99609375,
            "MB"
          ],
          "0.950000" : [
            200.99609375,
            "MB"
          ],
          "0.990000" : [
            201.00390625,
            "MB"
          ],
          "0.999000" : [
            201.00390625,
            "MB"
          ],
          "0.999999" : [
            201.00390625,
            "MB"
          ]
        },
        "virtual" : {
          "0.500000" : [
            272.59765625,
            "MB"
          ],
          "0.600000" : [
            272.59765625,
            "MB"
          ],
          "0.700000" : [
            272.59765625,
            "MB"
          ],
          "0.800000" : [
            272.59765625,
            "MB"
          ],
          "0.900000" : [
            272.59765625,
            "MB"
          ],
          "0.950000" : [
            272.59765625,
            "MB"
          ],
          "0.990000" : [
            272.59765625,
            "MB"
          ],
          "0.999000" : [
            272.59765625,
            "MB"
          ],
          "0.999999" : [
            272.59765625,
            "MB"
          ]
        }
      }
    },
    {
      "name" : "lookupSingleHotset",
      "performance" : {
        "count" : 5000000,
        "latencies" : {
          "0.500000" : [
            32.399,
            "μs"
          ],
          "0.600000" : [
            33.832,
            "μs"
          ],
          "0.700000" : [
            35.527,
            "μs"
          ],
          "0.800000" : [
            37.519,
            "μs"
          ],
          "0.900000" : [
            40.041,
            "μs"
          ],
          "0.950000" : [
            41.959,
            "μs"
          ],
          "0.990000" : [
            46.079,
            "μs"
          ],
          "0.999000" : [
            60.415,
            "μs"
          ],
          "0.999999" : [
            8.388607,
            "ms"
          ]
        },
        "throughput" : 2.9293856260502816e+4,
        "time" : [
          2.8447375651833333,
          "m"
        ]
      },
      "usage" : {
        "disk" : {
          "0.500000" : [
            150.98046875,
            "MB"
          ],
          "0.600000" : [
            150.98046875,
            "MB"
          ],
          "0.700000" : [
            150.98046875,
            "MB"
          ],