{
  "config" : {
    "folder" : "/tmp/test_rocksdb-benchmark_benchmark",
    "hotsetCount" : 5000,
    "keyCount" : 100000,
    "lookupCount" : 500000,
    "rangeLimit" : 20000,
    "threadCount" : 2,
    "transactionSize" : 1000
  },
  "workloads" : [
    {
      "name" : "insert",
      "performance" : {
        "count" : 100000,
        "latencies" : {
          "0.500000" : [
            56.128,
            "μs"
          ],
          "0.600000" : [
            57.835,
            "μs"
          ],
          "0.700000" : [
            59.903,
            "μs"
          ],
          "0.800000" : [
            62.827,
            "μs"
          ],
          "0.900000" : [
            68.223,
            "μs"
          ],
          "0.950000" : [
            75.215,
            "μs"
          ],
          "0.990000" : [
            106.495,
            "μs"
          ],
          "0.999000" : [
            524.287,
            "μs"
          ],
          "0.999999" : [
            33.554431,
            "ms"
          ]
        },
        "throughput" : 2.833933114967262e+4,
        "time" : [
          3.52866479,
          "s"
        ]
      },
      "usage" : {
        "disk" : {
          "0.500000" : [
            74.5546875,
            "MB"
          ],
          "0.600000" : [
            74.5546875,
            "MB"
          ],
          "0.700000" : [
            74.5546875,
            "MB"
          ],
          "0.800000" : [
            74.5546875,
            "MB"
          ],
          "0.900000" : [
            74.5546875,
            "MB"
          ],
          "0.950000" : [
            74.5546875,
            "MB"
          ],
          "0.990000" : [
            74.5546875,
            "MB"
          ],
          "0.999000" : [
            74.5546875,
            "MB"
          ],
          "0.999999" : [
            74.5546875,
            "MB"
          ]
        },
        "resident" : {
          "0.500000" : [
            19.171875,
            "MB"
          ],
          "0.600000" : [
            19.171875,
            "MB"
          ],
          "0.700000" : [
            19.171875,
            "MB"
          ],
          "0.800000" : [
            25.96484375,
            "MB"
          ],
          "0.900000" : [
            25.96484375,
            "MB"
          ],
          "0.950000" : [
            25.96484375,
            "MB"
          ],
          "0.990000" : [
            25.96484375,
            "MB"
          ],
          "0.999000" : [
            25.96484375,
            "MB"
          ],
          "0.999999" : [
            25.96484375,
            "MB"
          ]
        },
        "virtual" : {
          "0.500000" : [
            84.59765625,
            "MB"
          ],
          "0.600000" : [
            84.59765625,
            "MB"
          ],
          "0.700000" : [
            84.59765625,
            "MB"
          ],
          "0.800000" : [
            92.59765625,
            "MB"
          ],
          "0.900000" : [
            92.59765625,
            "MB"
          ],
          "0.950000" : [
            92.59765625,
            "MB"
          ],
          "0.990000" : [
            92.59765625,
            "MB"
          ],
          "0.999000" : [
            92.59765625,
            "MB"
          ],
          "0.999999" : [
            92.59765625,
            "MB"
          ]
        }
      }
    },
    {
      "name" : "lookupSingle",
      "performance" : {
        "count" : 500000,
        "latencies" : {
          "0.500000" : [
            10.865,
            "μs"
          ],
          "0.600000" : [
            11.178,
            "μs"
          ],
          "0.700000" : [
            11.529,
            "μs"
          ],
          "0.800000" : [
            11.965,
            "μs"
          ],
          "0.900000" : [
            12.623,
            "μs"
          ],
          "0.950000" : [
            13.236,
            "μs"
          ],
          "0.990000" : [
            14.711,
            "μs"
          ],
          "0.999000" : [
            23.133,
            "μs"
          ],
          "0.999999" : [
            170.521,
            "μs"
          ]
        },
        "throughput" : 1.710679258123171e+5,
        "time" : [
          2.922815587,
          "s"
        ]
      },
      "usage" : {
        "disk" : {
          "0.500000" : [
            74.5546875,
            "MB"
          ],
          "0.600000" : [
            74.5546875,
            "MB"
          ],
          "0.700000" : [
            74.5546875,
            "MB"
          ],
          "0.800000" : [
            74.5546875,
            "MB"
          ],
          "0.900000" : [
            74.5546875,
            "MB"
          ],
          "0.950000" : [
            74.5546875,
            "MB"
          ],
          "0.990000" : [
            74.5546875,
            "MB"
          ],
          "0.999000" : [
            74.5546875,
            "MB"
          ],
          "0.999999" : [
            74.5546875,
            "MB"
          ]
        },
        "resident" : {
          "0.500000" : [
            30.3125,
            "MB"
          ],
          "0.600000" : [
            30.3125,
            "MB"
          ],
          "0.700000" : [
            31.6015625,
            "MB"
          ],
          "0.800000" : [
            31.6015625,
            "MB"
          ],
          "0.900000" : [
            31.6015625,
            "MB"
          ],
          "0.950000" : [
            31.6015625,
            "MB"
          ],
          "0.990000" : [
            31.6015625,
            "MB"
          ],
          "0.999000" : [
            31.6015625,
            "MB"
          ],
          "0.999999" : [
            31.6015625,
            "MB"
          ]
        },
        "virtual" : {
          "0.500000" : [
            108.59765625,
            "MB"
          ],
          "0.600000" : [
            108.59765625,
            "MB"
          ],
          "0.700000" : [
            108.59765625,
            "MB"
          ],
          "0.800000" : [
            108.59765625,
            "MB"
          ],
          "0.900000" : [
            108.59765625,
            "MB"
          ],
          "0.950000" : [
            108.59765625,
            "MB"
          ],
          "0.990000" : [
            108.59765625,
            "MB"
          ],
          "0.999000" : [
            108.59765625,
            "MB"
          ],
          "0.999999" : [
            108.59765625,
            "MB"
          ]
        }
      }
    },
    {
      "name" : "lookupSingleHotset",
      "performance" : {
        "count" : 500000,
        "latencies" : {
          "0.500000" : [
            10.629,
            "μs"
          ],
          "0.600000" : [
            10.922,
            "μs"
          ],
          "0.700000" : [
            11.262,
            "μs"
          ],
          "0.800000" : [
            11.681,
            "μs"
          ],
          "0.900000" : [
            12.281,
            "μs"
          ],
          "0.950000" : [
            12.86,
            "μs"
          ],
          "0.990000" : [
            14.168,
            "μs"
          ],
          "0.999000" : [
            22.941,
            "μs"
          ],
          "0.999999" : [
            176.022,
            "μs"
          ]
        },
        "throughput" : 1.7457076637722796e+5,
        "time" : [
          2.864167984,
          "s"
        ]
      },
      "usage" : {
        "disk" : {
          "0.500000" : [
            74.5546875,
            "MB"
          ],
          "0.600000" : [
            74.5546875,
            "MB"
          ],
          "0.700000" : [
            74.5546875,
            "MB"
          ],
          "0.800000" : [
            74.5546875,
            "MB"
          ],
          "0.900000" : [
            74.5546875,
            "MB"
          ],