{
  "config" : {
    "folder" : "/tmp/test_rocksdb-benchmark_benchmark",
    "hotsetCount" : 5000,
    "keyCount" : 100000,
    "lookupCount" : 500000,
    "rangeLimit" : 20000,
    "threadCount" : 16,
    "transactionSize" : 1000
  },
  "workloads" : [
    {
      "name" : "insert",
      "performance" : {
        "count" : 100000,
        "latencies" : {
          "0.500000" : [
            131.375,
            "μs"
          ],
          "0.600000" : [
            134.751,
            "μs"
          ],
          "0.700000" : [
            138.535,
            "μs"
          ],
          "0.800000" : [
            143.967,
            "μs"
          ],
          "0.900000" : [
            156.767,
            "μs"
          ],
          "0.950000" : [
            186.623,
            "μs"
          ],
          "0.990000" : [
            296.959,
            "μs"
          ],
          "0.999000" : [
            1.310719,
            "ms"
          ],
          "0.999999" : [
            134.217727,
            "ms"
          ]
        },
        "throughput" : 6.4886392724933496e+4,
        "time" : [
          1.541155176,
          "s"
        ]
      },
      "usage" : {
        "disk" : {
          "0.500000" : [
            74.5546875,
            "MB"
          ],
          "0.600000" : [
            74.5546875,
            "MB"
          ],
          "0.700000" : [
            74.5546875,
            "MB"
          ],
          "0.800000" : [
            74.5546875,
            "MB"
          ],
          "0.900000" : [
            74.5546875,
            "MB"
          ],
          "0.950000" : [
            74.5546875,
            "MB"
          ],
          "0.990000" : [
            74.5546875,
            "MB"
          ],
          "0.999000" : [
            74.5546875,
            "MB"
          ],
          "0.999999" : [
            74.5546875,
            "MB"
          ]
        },
        "resident" : {
          "0.500000" : [
            10.27734375,
            "MB"
          ],
          "0.600000" : [
            10.27734375,
            "MB"
          ],
          "0.700000" : [
            10.27734375,
            "MB"
          ],
          "0.800000" : [
            10.27734375,
            "MB"
          ],
          "0.900000" : [
            10.27734375,
            "MB"
          ],
          "0.950000" : [
            10.27734375,
            "MB"
          ],
          "0.990000" : [
            10.27734375,
            "MB"
          ],
          "0.999000" : [
            10.27734375,
            "MB"
          ],
          "0.999999" : [
            10.27734375,
            "MB"
          ]
        },
        "virtual" : {
          "0.500000" : [
            136.62890625,
            "MB"
          ],
          "0.600000" : [
            136.62890625,
            "MB"
          ],
          "0.700000" : [
            136.62890625,
            "MB"
          ],
          "0.800000" : [
            136.62890625,
            "MB"
          ],
          "0.900000" : [
            136.62890625,
            "MB"
          ],
          "0.950000" : [
            136.62890625,
            "MB"
          ],
          "0.990000" : [
            136.62890625,
            "MB"
          ],
          "0.999000" : [
            136.62890625,
            "MB"
          ],
          "0.999999" : [
            136.62890625,
            "MB"
          ]
        }
      }
    },
    {
      "name" : "lookupSingle",
      "performance" : {
        "count" : 500000,
        "latencies" : {
          "0.500000" : [
            21.181,
            "μs"
          ],
          "0.600000" : [
            22.363,
            "μs"
          ],
          "0.700000" : [
            23.441,
            "μs"
          ],
          "0.800000" : [
            24.623,
            "μs"
          ],
          "0.900000" : [
            26.223,
            "μs"
          ],
          "0.950000" : [
            27.629,
            "μs"
          ],
          "0.990000" : [
            31.226,
            "μs"
          ],
          "0.999000" : [
            37.413,
            "μs"
          ],
          "0.999999" : [
            1.715747,
            "ms"
          ]
        },
        "throughput" : 6.761812682888354e+5,
        "time" : [
          739.446689,
          "ms"
        ]
      },
      "usage" : {
        "disk" : {
          "0.500000" : [
            0,
            "KB"
          ],
          "0.600000" : [
            0,
            "KB"
          ],
          "0.700000" : [
            0,
            "KB"
          ],
          "0.800000" : [
            0,
            "KB"
          ],
          "0.900000" : [
            0,
            "KB"
          ],
          "0.950000" : [
            0,
            "KB"
          ],
          "0.990000" : [
            0,
            "KB"
          ],
          "0.999000" : [
            0,
            "KB"
          ],
          "0.999999" : [
            0,
            "KB"
          ]
        },
        "resident" : {
          "0.500000" : [
            0,
            "KB"
          ],
          "0.600000" : [
            0,
            "KB"
          ],
          "0.700000" : [
            0,
            "KB"
          ],
          "0.800000" : [
            0,
            "KB"
          ],
          "0.900000" : [
            0,
            "KB"
          ],
          "0.950000" : [
            0,
            "KB"
          ],
          "0.990000" : [
            0,
            "KB"
          ],
          "0.999000" : [
            0,
            "KB"
          ],
          "0.999999" : [
            0,
            "KB"
          ]
        },
        "virtual" : {
          "0.500000" : [
            0,
            "KB"
          ],
          "0.600000" : [
            0,
            "KB"
          ],
          "0.700000" : [
            0,
            "KB"
          ],
          "0.800000" : [
            0,
            "KB"
          ],
          "0.900000" : [
            0,
            "KB"
          ],
          "0.950000" : [
            0,
            "KB"
          ],
          "0.990000" : [
            0,
            "KB"
          ],
          "0.999000" : [
            0,
            "KB"
          ],
          "0.999999" : [
            0,
            "KB"
          ]
        }
      }
    },
    {
      "name" : "lookupSingleHotset",
      "performance" : {
        "count" : 500000,
        "latencies" : {
          "0.500000" : [
            22.277,
            "μs"
          ],
          "0.600000" : [
            22.944,
            "μs"
          ],
          "0.700000" : [
            23.68,
            "μs"
          ],
          "0.800000" : [
            24.578,
            "μs"
          ],
          "0.900000" : [
            25.886,
            "μs"
          ],
          "0.950000" : [
            27.069,
            "μs"
          ],
          "0.990000" : [
            30.244,
            "μs"
          ],
          "0.999000" : [
            36.067,
            "μs"
          ],
          "0.999999" : [
            2.730635,
            "ms"
          ]
        },
        "throughput" : 6.609070939819113e+5,
        "time" : [
          756.535986,
          "ms"
        ]
      },
      "usage" : {
        "disk" : {
          "0.500000" : [
            0,
            "KB"
          ],
          "0.600000" : [
            0,
            "KB"
          ],
          "0.700000" : [
            0,
            "KB"
          ],
          "0.800000" : [
            0,
            "KB"
          ],
          "0.900000" : [
            0,
            "KB"
          ],
          "0.950000" : [
            0,
            "KB"
          ],
          "0.990000" : [
            0,
            "KB"
          ],
          "0.999000" : [
            0,
            "KB"
          ],
          "0.999999" : [
            0,
            "KB"
          ]
        },