{
  "config" : {
    "folder" : "/tmp/test_rocksdb-benchmark_benchmark",
    "hotsetCount" : 0,
    "keyCount" : 100000000,
    "lookupCount" : 0,
    "rangeLimit" : 0,
    "threadCount" : 16,
    "transactionSize" : 1000
  },
  "workloads" : [
    {
      "name" : "insert",
      "performance" : {
        "count" : 100000000,
        "latencies" : {
          "0.500000" : [
            310.911,
            "μs"
          ],
          "0.600000" : [
            330.031,
            "μs"
          ],
          "0.700000" : [
            354.047,
            "μs"
          ],
          "0.800000" : [
            389.887,
            "μs"
          ],
          "0.900000" : [
            507.903,
            "μs"
          ],
          "0.950000" : [
            752.639,
            "μs"
          ],
          "0.990000" : [
            1.376255,
            "ms"
          ],
          "0.999000" : [
            3.145727,
            "ms"
          ],
          "0.999999" : [
            8.589934591,
            "s"
          ]
        },
        "throughput" : 3.942803648004386e+4,
        "time" : [
          42.27110491566667,
          "m"
        ]
      },
      "usage" : {
        "disk" : {
          "0.500000" : [
            6.191745758056641,
            "GB"
          ],
          "0.600000" : [
            7.324298858642578,
            "GB"
          ],
          "0.700000" : [
            8.353530883789063,
            "GB"
          ],
          "0.800000" : [
            9.515850067138672,
            "GB"
          ],
          "0.900000" : [
            10.65810775756836,
            "GB"
          ],
          "0.950000" : [
            11.049144744873047,
            "GB"
          ],
          "0.990000" : [
            11.911022186279297,
            "GB"
          ],
          "0.999000" : [
            12.312320709228516,
            "GB"
          ],
          "0.999999" : [
            12.428630828857422,
            "GB"
          ]
        },
        "resident" : {
          "0.500000" : [
            252.66015625,
            "MB"
          ],
          "0.600000" : [
            258.71484375,
            "MB"
          ],
          "0.700000" : [
            265.16015625,
            "MB"
          ],
          "0.800000" : [
            271.93359375,
            "MB"
          ],
          "0.900000" : [
            280.0703125,
            "MB"
          ],
          "0.950000" : [
            285.67578125,
            "MB"
          ],
          "0.990000" : [
            293.0859375,
            "MB"
          ],
          "0.999000" : [
            299.34375,
            "MB"
          ],
          "0.999999" : [
            303.47265625,
            "MB"
          ]
        },
        "virtual" : {
          "0.500000" : [
            640.66015625,
            "MB"
          ],
          "0.600000" : [
            648.66015625,
            "MB"
          ],
          "0.700000" : [
            648.66015625,
            "MB"
          ],
          "0.800000" : [
            664.66015625,
            "MB"
          ],
          "0.900000" : [
            684.66015625,
            "MB"
          ],
          "0.950000" : [
            684.66015625,
            "MB"
          ],
          "0.990000" : [
            684.66015625,
            "MB"
          ],
          "0.999000" : [
            684.66015625,
            "MB"
          ],
          "0.999999" : [
            684.66015625,
            "MB"
          ]
        }
      }
    },
    {
      "name" : "insertBatch",
      "performance" : {
        "count" : 100000000,
        "latencies" : {
          "0.500000" : [
            267.468799,
            "ms"
          ],
          "0.600000" : [
            289.374207,
            "ms"
          ],
          "0.700000" : [
            315.555839,
            "ms"
          ],
          "0.800000" : [
            351.010815,
            "ms"
          ],
          "0.900000" : [
            410.648575,
            "ms"
          ],
          "0.950000" : [
            472.383487,
            "ms"
          ],
          "0.990000" : [
            687.865855,
            "ms"
          ],
          "0.999000" : [
            1.610612735,
            "s"
          ],
          "0.999999" : [
            4.294967295,
            "s"
          ]
        },
        "throughput" : 5.544288854525653e+4,
        "time" : [
          30.060963820566666,
          "m"
        ]
      },
      "usage" : {
        "disk" : {
          "0.500000" : [
            17.15984344482422,
            "GB"
          ],
          "0.600000" : [
            18.247779846191406,
            "GB"
          ],
          "0.700000" : [
            19.416488647460938,
            "GB"
          ],
          "0.800000" : [
            20.468700408935547,
            "GB"
          ],
          "0.900000" : [
            21.42557144165039,
            "GB"
          ],
          "0.950000" : [
            21.915550231933594,
            "GB"
          ],
          "0.990000" : [
            22.342166900634766,
            "GB"
          ],
          "0.999000" : [
            22.69359588623047,
            "GB"
          ],
          "0.999999" : [
            22.69359588623047,
            "GB"
          ]
        },
        "resident" : {
          "0.500000" : [
            267.0546875,
            "MB"
          ],
          "0.600000" : [
            275.7734375,
            "MB"
          ],
          "0.700000" : [
            285.1796875,
            "MB"
          ],
          "0.800000" : [
            295.94921875,
            "MB"
          ],
          "0.900000" : [
            309.64453125,
            "MB"
          ],
          "0.950000" : [
            318.26171875,
            "MB"
          ],
          "0.990000" : [
            331.3125,
            "MB"
          ],
          "0.999000" : [
            340.37890625,
            "MB"
          ],
          "0.999999" : [
            342.80078125,
            "MB"
          ]
        },
        "virtual" : {
          "0.500000" : [
            684.66015625,
            "MB"
          ],
          "0.600000" : [
            684.66015625,
            "MB"
          ],
          "0.700000" : [
            684.66015625,
            "MB"
          ],
          "0.800000" : [
            684.66015625,
            "MB"
          ],
          "0.900000" : [
            700.65234375,
            "MB"
          ],
          "0.950000" : [
            708.66015625,
            "MB"
          ],
          "0.990000" : [
            708.66015625,
            "MB"
          ],
          "0.999000" : [
            708.66015625,
            "MB"
          ],
          "0.999999" : [
            708.66015625,
            "MB"
          ]
        }
      }
    }
  ]
}
