{
  "config" : {
    "folder" : "/tmp/test_rocksdb-benchmark_benchmark",
    "hotsetCount" : 0,
    "keyCount" : 100000000,
    "lookupCount" : 0,
    "rangeLimit" : 0,
    "threadCount" : 1,
    "transactionSize" : 1000
  },
  "workloads" : [
    {
      "name" : "insert",
      "performance" : {
        "count" : 100000000,
        "latencies" : {
          "0.500000" : [
            128.543,
            "μs"
          ],
          "0.600000" : [
            134.231,
            "μs"
          ],
          "0.700000" : [
            140.319,
            "μs"
          ],
          "0.800000" : [
            147.295,
            "μs"
          ],
          "0.900000" : [
            157.151,
            "μs"
          ],
          "0.950000" : [
            323.583,
            "μs"
          ],
          "0.990000" : [
            641.023,
            "μs"
          ],
          "0.999000" : [
            1.048575,
            "ms"
          ],
          "0.999999" : [
            4.294967295,
            "s"
          ]
        },
        "throughput" : 6583.574598524073,
        "time" : [
          4.219254655974445,
          "h"
        ]
      },
      "usage" : {
        "disk" : {
          "0.500000" : [
            6.261585235595703,
            "GB"
          ],
          "0.600000" : [
            7.255809783935547,
            "GB"
          ],
          "0.700000" : [
            8.35538101196289,
            "GB"
          ],
          "0.800000" : [
            9.162212371826172,
            "GB"
          ],
          "0.900000" : [
            10.131916046142578,
            "GB"
          ],
          "0.950000" : [
            10.599102020263672,
            "GB"
          ],
          "0.990000" : [
            11.024627685546875,
            "GB"
          ],
          "0.999000" : [
            12.061168670654297,
            "GB"
          ],
          "0.999999" : [
            12.50833511352539,
            "GB"
          ]
        },
        "resident" : {
          "0.500000" : [
            207.703125,
            "MB"
          ],
          "0.600000" : [
            214.03515625,
            "MB"
          ],
          "0.700000" : [
            220.69921875,
            "MB"
          ],
          "0.800000" : [
            227.59765625,
            "MB"
          ],
          "0.900000" : [
            235.5078125,
            "MB"
          ],
          "0.950000" : [
            240.09375,
            "MB"
          ],
          "0.990000" : [
            245.375,
            "MB"
          ],
          "0.999000" : [
            253.45703125,
            "MB"
          ],
          "0.999999" : [
            258.34765625,
            "MB"
          ]
        },
        "virtual" : {
          "0.500000" : [
            348.6015625,
            "MB"
          ],
          "0.600000" : [
            348.6015625,
            "MB"
          ],
          "0.700000" : [
            356.6015625,
            "MB"
          ],
          "0.800000" : [
            356.6015625,
            "MB"
          ],
          "0.900000" : [
            356.6015625,
            "MB"
          ],
          "0.950000" : [
            356.6015625,
            "MB"
          ],
          "0.990000" : [
            356.6015625,
            "MB"
          ],
          "0.999000" : [
            356.6015625,
            "MB"
          ],
          "0.999999" : [
            356.6015625,
            "MB"
          ]
        }
      }
    },
    {
      "name" : "insertBatch",
      "performance" : {
        "count" : 100000000,
        "latencies" : {
          "0.500000" : [
            125.050879,
            "ms"
          ],
          "0.600000" : [
            129.949695,
            "ms"
          ],
          "0.700000" : [
            134.660095,
            "ms"
          ],
          "0.800000" : [
            139.853823,
            "ms"
          ],
          "0.900000" : [
            148.815871,
            "ms"
          ],
          "0.950000" : [
            156.876799,
            "ms"
          ],
          "0.990000" : [
            173.801471,
            "ms"
          ],
          "0.999000" : [
            423.624703,
            "ms"
          ],
          "0.999999" : [
            536.870911,
            "ms"
          ]
        },
        "throughput" : 7662.698774334764,
        "time" : [
          3.625064562216111,
          "h"
        ]
      },
      "usage" : {
        "disk" : {
          "0.500000" : [
            16.92745590209961,
            "GB"
          ],
          "0.600000" : [
            17.880630493164063,
            "GB"
          ],
          "0.700000" : [
            18.99057388305664,
            "GB"
          ],
          "0.800000" : [
            20.10816192626953,
            "GB"
          ],
          "0.900000" : [
            21.124500274658203,
            "GB"
          ],
          "0.950000" : [
            21.632488250732422,
            "GB"
          ],
          "0.990000" : [
            22.10137939453125,
            "GB"
          ],
          "0.999000" : [
            22.89093780517578,
            "GB"
          ],
          "0.999999" : [
            23.306842803955078,
            "GB"
          ]
        },
        "resident" : {
          "0.500000" : [
            231.17578125,
            "MB"
          ],
          "0.600000" : [
            237.4375,
            "MB"
          ],
          "0.700000" : [
            243.640625,
            "MB"
          ],
          "0.800000" : [
            249.82421875,
            "MB"
          ],
          "0.900000" : [
            256.3203125,
            "MB"
          ],
          "0.950000" : [
            260.55078125,
            "MB"
          ],
          "0.990000" : [
            268.72265625,
            "MB"
          ],
          "0.999000" : [
            275.36328125,
            "MB"
          ],
          "0.999999" : [
            278.19140625,
            "MB"
          ]
        },
        "virtual" : {
          "0.500000" : [
            388.6015625,
            "MB"
          ],
          "0.600000" : [
            388.6015625,
            "MB"
          ],
          "0.700000" : [
            388.6015625,
            "MB"
          ],
          "0.800000" : [
            396.6015625,
            "MB"
          ],
          "0.900000" : [
            396.6015625,
            "MB"
          ],
          "0.950000" : [
            404.6015625,
            "MB"
          ],
          "0.990000" : [
            404.6015625,
            "MB"
          ],
          "0.999000" : [
            404.6015625,
            "MB"
          ],
          "0.999999" : [
            404.6015625,
            "MB"
          ]
        }
      }
    }
  ]
}
