{
  "config" : {
    "folder" : "/tmp/test_rocksdb-benchmark_benchmark",
    "hotsetCount" : 50000,
    "keyCount" : 1000000,
    "lookupCount" : 5000000,
    "rangeLimit" : 200000,
    "threadCount" : 16,
    "transactionSize" : 1000
  },
  "workloads" : [
    {
      "name" : "insert",
      "performance" : {
        "count" : 1000000,
        "latencies" : {
          "0.500000" : [
            128.295,
            "μs"
          ],
          "0.600000" : [
            137.471,
            "μs"
          ],
          "0.700000" : [
            150.207,
            "μs"
          ],
          "0.800000" : [
            167.423,
            "μs"
          ],
          "0.900000" : [
            184.831,
            "μs"
          ],
          "0.950000" : [
            200.703,
            "μs"
          ],
          "0.990000" : [
            314.879,
            "μs"
          ],
          "0.999000" : [
            786.431,
            "μs"
          ],
          "0.999999" : [
            134.217727,
            "ms"
          ]
        },
        "throughput" : 1.9192003284143586e+4,
        "time" : [
          52.105034852,
          "s"
        ]
      },
      "usage" : {
        "disk" : {
          "0.500000" : [
            74.5546875,
            "MB"
          ],
          "0.600000" : [
            108.4609375,
            "MB"
          ],
          "0.700000" : [
            143.1484375,
            "MB"
          ],
          "0.800000" : [
            143.1484375,
            "MB"
          ],
          "0.900000" : [
            177.83203125,
            "MB"
          ],
          "0.950000" : [
            177.83203125,
            "MB"
          ],
          "0.990000" : [
            211.0546875,
            "MB"
          ],
          "0.999000" : [
            211.0546875,
            "MB"
          ],
          "0.999999" : [
            211.0546875,
            "MB"
          ]
        },
        "resident" : {
          "0.500000" : [
            118.953125,
            "MB"
          ],
          "0.600000" : [
            140.75,
            "MB"
          ],
          "0.700000" : [
            194.17578125,
            "MB"
          ],
          "0.800000" : [
            199.64453125,
            "MB"
          ],
          "0.900000" : [
            245.875,
            "MB"
          ],
          "0.950000" : [
            246.8828125,
            "MB"
          ],
          "0.990000" : [
            247.015625,
            "MB"
          ],
          "0.999000" : [
            247.015625,
            "MB"
          ],
          "0.999999" : [
            247.015625,
            "MB"
          ]
        },
        "virtual" : {
          "0.500000" : [
            308.65234375,
            "MB"
          ],
          "0.600000" : [
            420.65625,
            "MB"
          ],
          "0.700000" : [
            496.65625,
            "MB"
          ],
          "0.800000" : [
            528.65625,
            "MB"
          ],
          "0.900000" : [
            528.65625,
            "MB"
          ],
          "0.950000" : [
            544.65625,
            "MB"
          ],
          "0.990000" : [
            544.65625,
            "MB"
          ],
          "0.999000" : [
            544.65625,
            "MB"
          ],
          "0.999999" : [
            544.65625,
            "MB"
          ]
        }
      }
    },
    {
      "name" : "lookupSingle",
      "performance" : {
        "count" : 5000000,
        "latencies" : {
          "0.500000" : [
            87.107,
            "μs"
          ],
          "0.600000" : [
            90.427,
            "μs"
          ],
          "0.700000" : [
            93.531,
            "μs"
          ],
          "0.800000" : [
            96.927,
            "μs"
          ],
          "0.900000" : [
            101.543,
            "μs"
          ],
          "0.950000" : [
            105.727,
            "μs"
          ],
          "0.990000" : [
            116.479,
            "μs"
          ],
          "0.999000" : [
            262.143,
            "μs"
          ],
          "0.999999" : [
            16.777215,
            "ms"
          ]
        },
        "throughput" : 1.7672605795864612e+5,
        "time" : [
          28.292375543,
          "s"
        ]
      },
      "usage" : {
        "disk" : {
          "0.500000" : [
            177.83203125,
            "MB"
          ],
          "0.600000" : [
            177.83203125,
            "MB"
          ],
          "0.700000" : [
            177.83203125,
            "MB"
          ],
          "0.800000" : [
            177.83203125,
            "MB"
          ],
          "0.900000" : [
            177.83203125,
            "MB"
          ],
          "0.950000" : [
            177.83203125,
            "MB"
          ],
          "0.990000" : [
            177.83203125,
            "MB"
          ],
          "0.999000" : [
            177.83203125,
            "MB"
          ],
          "0.999999" : [
            177.83203125,
            "MB"
          ]
        },
        "resident" : {
          "0.500000" : [
            191.1171875,
            "MB"
          ],
          "0.600000" : [
            191.3984375,
            "MB"
          ],
          "0.700000" : [
            191.5546875,
            "MB"
          ],
          "0.800000" : [
            191.609375,
            "MB"
          ],
          "0.900000" : [
            191.77734375,
            "MB"
          ],
          "0.950000" : [
            191.81640625,
            "MB"
          ],
          "0.990000" : [
            191.90625,
            "MB"
          ],
          "0.999000" : [
            191.90625,
            "MB"
          ],
          "0.999999" : [
            191.90625,
            "MB"
          ]
        },
        "virtual" : {
          "0.500000" : [
            544.65625,
            "MB"
          ],
          "0.600000" : [
            544.65625,
            "MB"
          ],
          "0.700000" : [
            544.65625,
            "MB"
          ],
          "0.800000" : [
            544.65625,
            "MB"
          ],
          "0.900000" : [
            544.65625,
            "MB"
          ],
          "0.950000" : [
            544.65625,
            "MB"
          ],
          "0.990000" : [
            544.65625,
            "MB"
          ],
          "0.999000" : [
            544.65625,
            "MB"
          ],
          "0.999999" : [
            544.65625,
            "MB"
          ]
        }
      }
    },
    {
      "name" : "lookupSingleHotset",
      "performance" : {
        "count" : 5000000,
        "latencies" : {
          "0.500000" : [
            66.015,
            "μs"
          ],
          "0.600000" : [
            70.935,
            "μs"
          ],
          "0.700000" : [
            75.771,
            "μs"
          ],
          "0.800000" : [
            80.719,
            "μs"
          ],
          "0.900000" : [
            88.063,
            "μs"
          ],
          "0.950000" : [
            94.463,
            "μs"
          ],
          "0.990000" : [
            105.215,
            "μs"
          ],
          "0.999000" : [
            147.455,
            "μs"
          ],
          "0.999999" : [
            16.777215,
            "ms"
          ]
        },
        "throughput" : 2.2765061875261064e+5,
        "time" : [
          21.963480826,
          "s"
        ]
      },
      "usage" : {
        "disk" : {
          "0.500000" : [
            177.83203125,
            "MB"
          ],
          "0.600000" : [
            177.83203125,
            "MB"
          ],
          "0.700000" : [
            177.83203125,
            "MB"
          ],
          "0.800000" : [
            177.83203125,
            "MB"
          ],