{
  "config" : {
    "folder" : "/tmp/test_rocksdb-benchmark_benchmark",
    "hotsetCount" : 500000,
    "keyCount" : 10000000,
    "lookupCount" : 50000000,
    "rangeLimit" : 2000000,
    "threadCount" : 32,
    "transactionSize" : 1000
  },
  "workloads" : [
    {
      "name" : "insert",
      "performance" : {
        "count" : 10000000,
        "latencies" : {
          "0.500000" : [
            348.031,
            "μs"
          ],
          "0.600000" : [
            377.023,
            "μs"
          ],
          "0.700000" : [
            423.487,
            "μs"
          ],
          "0.800000" : [
            496.575,
            "μs"
          ],
          "0.900000" : [
            595.583,
            "μs"
          ],
          "0.950000" : [
            684.031,
            "μs"
          ],
          "0.990000" : [
            891.903,
            "μs"
          ],
          "0.999000" : [
            2.621439,
            "ms"
          ],
          "0.999999" : [
            1.073741823,
            "s"
          ]
        },
        "throughput" : 4.421857886888682e+4,
        "time" : [
          3.7691547519166666,
          "m"
        ]
      },
      "usage" : {
        "disk" : {
          "0.500000" : [
            406.31640625,
            "MB"
          ],
          "0.600000" : [
            623.58984375,
            "MB"
          ],
          "0.700000" : [
            860.54296875,
            "MB"
          ],
          "0.800000" : [
            1.0773048400878906,
            "GB"
          ],
          "0.900000" : [
            1.2400627136230469,
            "GB"
          ],
          "0.950000" : [
            1.4121856689453125,
            "GB"
          ],
          "0.990000" : [
            1.5161018371582031,
            "GB"
          ],
          "0.999000" : [
            1.5793418884277344,
            "GB"
          ],
          "0.999999" : [
            1.5793418884277344,
            "GB"
          ]
        },
        "resident" : {
          "0.500000" : [
            270.0234375,
            "MB"
          ],
          "0.600000" : [
            277.71875,
            "MB"
          ],
          "0.700000" : [
            287.62109375,
            "MB"
          ],
          "0.800000" : [
            299.28125,
            "MB"
          ],
          "0.900000" : [
            310.15234375,
            "MB"
          ],
          "0.950000" : [
            315.90625,
            "MB"
          ],
          "0.990000" : [
            323.8671875,
            "MB"
          ],
          "0.999000" : [
            325.10546875,
            "MB"
          ],
          "0.999999" : [
            325.10546875,
            "MB"
          ]
        },
        "virtual" : {
          "0.500000" : [
            824.72265625,
            "MB"
          ],
          "0.600000" : [
            824.72265625,
            "MB"
          ],
          "0.700000" : [
            832.72265625,
            "MB"
          ],
          "0.800000" : [
            832.72265625,
            "MB"
          ],
          "0.900000" : [
            840.72265625,
            "MB"
          ],
          "0.950000" : [
            840.72265625,
            "MB"
          ],
          "0.990000" : [
            840.72265625,
            "MB"
          ],
          "0.999000" : [
            840.72265625,
            "MB"
          ],
          "0.999999" : [
            840.72265625,
            "MB"
          ]
        }
      }
    },
    {
      "name" : "lookupSingle",
      "performance" : {
        "count" : 50000000,
        "latencies" : {
          "0.500000" : [
            118.175,
            "μs"
          ],
          "0.600000" : [
            121.099,
            "μs"
          ],
          "0.700000" : [
            124.503,
            "μs"
          ],
          "0.800000" : [
            128.863,
            "μs"
          ],
          "0.900000" : [
            135.527,
            "μs"
          ],
          "0.950000" : [
            141.791,
            "μs"
          ],
          "0.990000" : [
            159.231,
            "μs"
          ],
          "0.999000" : [
            720.895,
            "μs"
          ],
          "0.999999" : [
            33.554431,
            "ms"
          ]
        },
        "throughput" : 2.5514333247385916e+5,
        "time" : [
          3.2661379988,
          "m"
        ]
      },
      "usage" : {
        "disk" : {
          "0.500000" : [
            1.1311073303222656,
            "GB"
          ],
          "0.600000" : [
            1.1311073303222656,
            "GB"
          ],
          "0.700000" : [
            1.1311073303222656,
            "GB"
          ],
          "0.800000" : [
            1.1311073303222656,
            "GB"
          ],
          "0.900000" : [
            1.1311073303222656,
            "GB"
          ],
          "0.950000" : [
            1.1311073303222656,
            "GB"
          ],
          "0.990000" : [
            1.1311073303222656,
            "GB"
          ],
          "0.999000" : [
            1.1311073303222656,
            "GB"
          ],
          "0.999999" : [
            1.1311073303222656,
            "GB"
          ]
        },
        "resident" : {
          "0.500000" : [
            263.2421875,
            "MB"
          ],
          "0.600000" : [
            263.46875,
            "MB"
          ],
          "0.700000" : [
            263.6328125,
            "MB"
          ],
          "0.800000" : [
            263.97265625,
            "MB"
          ],
          "0.900000" : [
            264.3203125,
            "MB"
          ],
          "0.950000" : [
            264.62109375,
            "MB"
          ],
          "0.990000" : [
            265.11328125,
            "MB"
          ],
          "0.999000" : [
            265.16015625,
            "MB"
          ],
          "0.999999" : [
            265.16015625,
            "MB"
          ]
        },
        "virtual" : {
          "0.500000" : [
            840.72265625,
            "MB"
          ],
          "0.600000" : [
            840.72265625,
            "MB"
          ],
          "0.700000" : [
            840.72265625,
            "MB"
          ],
          "0.800000" : [
            840.72265625,
            "MB"
          ],
          "0.900000" : [
            840.72265625,
            "MB"
          ],
          "0.950000" : [
            840.72265625,
            "MB"
          ],
          "0.990000" : [
            840.72265625,
            "MB"
          ],
          "0.999000" : [
            840.72265625,
            "MB"
          ],
          "0.999999" : [
            840.72265625,
            "MB"
          ]
        }
      }
    },
    {
      "name" : "lookupSingleHotset",
      "performance" : {
        "count" : 50000000,
        "latencies" : {
          "0.500000" : [
            113.447,
            "μs"
          ],
          "0.600000" : [
            116.643,
            "μs"
          ],
          "0.700000" : [
            120.207,
            "μs"
          ],
          "0.800000" : [
            124.775,
            "μs"
          ],
          "0.900000" : [
            131.775,
            "μs"
          ],
          "0.950000" : [
            138.175,
            "μs"
          ],
          "0.990000" : [
            155.007,
            "μs"
          ],
          "0.999000" : [
            589.823,
            "μs"
          ],
          "0.999999" : [
            16.777215,
            "ms"
          ]
        },
        "throughput" : 2.657556807347592e+5,
        "time" : [
          3.1357122114166667,
          "m"
        ]
      },
      "usage" : {
        "disk" : {
          "0.500000" : [
            1.1311073303222656,
            "GB"
          ],
          "0.600000" : [
            1.1311073303222656,
            "GB"
          ],