{
  "config" : {
    "folder" : "/tmp/test_rocksdb-benchmark_benchmark",
    "hotsetCount" : 500000,
    "keyCount" : 10000000,
    "lookupCount" : 50000000,
    "rangeLimit" : 2000000,
    "threadCount" : 2,
    "transactionSize" : 1000
  },
  "workloads" : [
    {
      "name" : "insert",
      "performance" : {
        "count" : 10000000,
        "latencies" : {
          "0.500000" : [
            125.359,
            "μs"
          ],
          "0.600000" : [
            131.999,
            "μs"
          ],
          "0.700000" : [
            138.775,
            "μs"
          ],
          "0.800000" : [
            145.967,
            "μs"
          ],
          "0.900000" : [
            153.927,
            "μs"
          ],
          "0.950000" : [
            159.887,
            "μs"
          ],
          "0.990000" : [
            175.103,
            "μs"
          ],
          "0.999000" : [
            524.287,
            "μs"
          ],
          "0.999999" : [
            536.870911,
            "ms"
          ]
        },
        "throughput" : 1.4926580827162834e+4,
        "time" : [
          11.16576318425,
          "m"
        ]
      },
      "usage" : {
        "disk" : {
          "0.500000" : [
            656.95703125,
            "MB"
          ],
          "0.600000" : [
            773.25390625,
            "MB"
          ],
          "0.700000" : [
            889.23828125,
            "MB"
          ],
          "0.800000" : [
            967.578125,
            "MB"
          ],
          "0.900000" : [
            1.0581092834472656,
            "GB"
          ],
          "0.950000" : [
            1.0963478088378906,
            "GB"
          ],
          "0.990000" : [
            1.3920097351074219,
            "GB"
          ],
          "0.999000" : [
            1.5815162658691406,
            "GB"
          ],
          "0.999999" : [
            1.5815162658691406,
            "GB"
          ]
        },
        "resident" : {
          "0.500000" : [
            184.51953125,
            "MB"
          ],
          "0.600000" : [
            191.25390625,
            "MB"
          ],
          "0.700000" : [
            197.66015625,
            "MB"
          ],
          "0.800000" : [
            204.5234375,
            "MB"
          ],
          "0.900000" : [
            210.94140625,
            "MB"
          ],
          "0.950000" : [
            214.5859375,
            "MB"
          ],
          "0.990000" : [
            219.4296875,
            "MB"
          ],
          "0.999000" : [
            221.80859375,
            "MB"
          ],
          "0.999999" : [
            221.80859375,
            "MB"
          ]
        },
        "virtual" : {
          "0.500000" : [
            320.60546875,
            "MB"
          ],
          "0.600000" : [
            328.60546875,
            "MB"
          ],
          "0.700000" : [
            328.60546875,
            "MB"
          ],
          "0.800000" : [
            328.60546875,
            "MB"
          ],
          "0.900000" : [
            328.60546875,
            "MB"
          ],
          "0.950000" : [
            328.60546875,
            "MB"
          ],
          "0.990000" : [
            328.60546875,
            "MB"
          ],
          "0.999000" : [
            328.60546875,
            "MB"
          ],
          "0.999999" : [
            328.60546875,
            "MB"
          ]
        }
      }
    },
    {
      "name" : "lookupSingle",
      "performance" : {
        "count" : 50000000,
        "latencies" : {
          "0.500000" : [
            43.051,
            "μs"
          ],
          "0.600000" : [
            43.584,
            "μs"
          ],
          "0.700000" : [
            44.192,
            "μs"
          ],
          "0.800000" : [
            44.969,
            "μs"
          ],
          "0.900000" : [
            46.23,
            "μs"
          ],
          "0.950000" : [
            47.591,
            "μs"
          ],
          "0.990000" : [
            52.735,
            "μs"
          ],
          "0.999000" : [
            77.823,
            "μs"
          ],
          "0.999999" : [
            134.217727,
            "ms"
          ]
        },
        "throughput" : 4.449258692881418e+4,
        "time" : [
          18.729711865633334,
          "m"
        ]
      },
      "usage" : {
        "disk" : {
          "0.500000" : [
            1.1332893371582031,
            "GB"
          ],
          "0.600000" : [
            1.1332893371582031,
            "GB"
          ],
          "0.700000" : [
            1.1332893371582031,
            "GB"
          ],
          "0.800000" : [
            1.1332893371582031,
            "GB"
          ],
          "0.900000" : [
            1.1332893371582031,
            "GB"
          ],
          "0.950000" : [
            1.1332893371582031,
            "GB"
          ],
          "0.990000" : [
            1.1332893371582031,
            "GB"
          ],
          "0.999000" : [
            1.1332893371582031,
            "GB"
          ],
          "0.999999" : [
            1.6447563171386719,
            "GB"
          ]
        },
        "resident" : {
          "0.500000" : [
            181.66015625,
            "MB"
          ],
          "0.600000" : [
            181.7421875,
            "MB"
          ],
          "0.700000" : [
            181.92578125,
            "MB"
          ],
          "0.800000" : [
            182.10546875,
            "MB"
          ],
          "0.900000" : [
            182.3125,
            "MB"
          ],
          "0.950000" : [
            182.48828125,
            "MB"
          ],
          "0.990000" : [
            182.58984375,
            "MB"
          ],
          "0.999000" : [
            182.6171875,
            "MB"
          ],
          "0.999999" : [
            182.8359375,
            "MB"
          ]
        },
        "virtual" : {
          "0.500000" : [
            328.60546875,
            "MB"
          ],
          "0.600000" : [
            328.60546875,
            "MB"
          ],
          "0.700000" : [
            328.60546875,
            "MB"
          ],
          "0.800000" : [
            328.60546875,
            "MB"
          ],
          "0.900000" : [
            328.60546875,
            "MB"
          ],
          "0.950000" : [
            328.60546875,
            "MB"
          ],
          "0.990000" : [
            328.60546875,
            "MB"
          ],
          "0.999000" : [
            328.60546875,
            "MB"
          ],
          "0.999999" : [
            328.60546875,
            "MB"
          ]
        }
      }
    },
    {
      "name" : "lookupSingleHotset",
      "performance" : {
        "count" : 50000000,
        "latencies" : {
          "0.500000" : [
            42.743,
            "μs"
          ],
          "0.600000" : [
            43.27,
            "μs"
          ],
          "0.700000" : [
            43.868,
            "μs"
          ],
          "0.800000" : [
            44.627,
            "μs"
          ],
          "0.900000" : [
            45.84,
            "μs"
          ],
          "0.950000" : [
            47.151,
            "μs"
          ],
          "0.990000" : [
            52.159,
            "μs"
          ],
          "0.999000" : [
            75.775,
            "μs"
          ],
          "0.999999" : [
            8.388607,
            "ms"
          ]
        },
        "throughput" : 4.508530146616689e+4,
        "time" : [
          18.48348145035,
          "m"
        ]
      },
      "usage" : {
        "disk" : {
          "0.500000" : [
            1.1332893371582031,
            "GB"
          ],
          "0.600000" : [
            1.1332893371582031,
            "GB"
          ],