{
  "config" : {
    "folder" : "/tmp/test_rocksdb-benchmark_benchmark",
    "hotsetCount" : 50000,
    "keyCount" : 1000000,
    "lookupCount" : 5000000,
    "rangeLimit" : 200000,
    "threadCount" : 8,
    "transactionSize" : 1000
  },
  "workloads" : [
    {
      "name" : "insert",
      "performance" : {
        "count" : 1000000,
        "latencies" : {
          "0.500000" : [
            99.511,
            "μs"
          ],
          "0.600000" : [
            105.095,
            "μs"
          ],
          "0.700000" : [
            111.135,
            "μs"
          ],
          "0.800000" : [
            118.183,
            "μs"
          ],
          "0.900000" : [
            127.743,
            "μs"
          ],
          "0.950000" : [
            135.423,
            "μs"
          ],
          "0.990000" : [
            172.031,
            "μs"
          ],
          "0.999000" : [
            917.503,
            "μs"
          ],
          "0.999999" : [
            134.217727,
            "ms"
          ]
        },
        "throughput" : 5.87483152845498e+4,
        "time" : [
          17.021764712,
          "s"
        ]
      },
      "usage" : {
        "disk" : {
          "0.500000" : [
            148.2890625,
            "MB"
          ],
          "0.600000" : [
            149.96484375,
            "MB"
          ],
          "0.700000" : [
            149.96484375,
            "MB"
          ],
          "0.800000" : [
            149.96484375,
            "MB"
          ],
          "0.900000" : [
            149.96484375,
            "MB"
          ],
          "0.950000" : [
            149.96484375,
            "MB"
          ],
          "0.990000" : [
            149.96484375,
            "MB"
          ],
          "0.999000" : [
            149.96484375,
            "MB"
          ],
          "0.999999" : [
            149.96484375,
            "MB"
          ]
        },
        "resident" : {
          "0.500000" : [
            156.609375,
            "MB"
          ],
          "0.600000" : [
            168.20703125,
            "MB"
          ],
          "0.700000" : [
            190.33984375,
            "MB"
          ],
          "0.800000" : [
            211.4453125,
            "MB"
          ],
          "0.900000" : [
            216.7578125,
            "MB"
          ],
          "0.950000" : [
            218.16796875,
            "MB"
          ],
          "0.990000" : [
            218.16796875,
            "MB"
          ],
          "0.999000" : [
            218.16796875,
            "MB"
          ],
          "0.999999" : [
            218.16796875,
            "MB"
          ]
        },
        "virtual" : {
          "0.500000" : [
            316.625,
            "MB"
          ],
          "0.600000" : [
            340.625,
            "MB"
          ],
          "0.700000" : [
            368.625,
            "MB"
          ],
          "0.800000" : [
            384.625,
            "MB"
          ],
          "0.900000" : [
            392.625,
            "MB"
          ],
          "0.950000" : [
            392.625,
            "MB"
          ],
          "0.990000" : [
            392.625,
            "MB"
          ],
          "0.999000" : [
            392.625,
            "MB"
          ],
          "0.999999" : [
            392.625,
            "MB"
          ]
        }
      }
    },
    {
      "name" : "lookupSingle",
      "performance" : {
        "count" : 5000000,
        "latencies" : {
          "0.500000" : [
            44.201,
            "μs"
          ],
          "0.600000" : [
            45.838,
            "μs"
          ],
          "0.700000" : [
            47.475,
            "μs"
          ],
          "0.800000" : [
            49.239,
            "μs"
          ],
          "0.900000" : [
            51.659,
            "μs"
          ],
          "0.950000" : [
            54.047,
            "μs"
          ],
          "0.990000" : [
            63.359,
            "μs"
          ],
          "0.999000" : [
            94.207,
            "μs"
          ],
          "0.999999" : [
            8.388607,
            "ms"
          ]
        },
        "throughput" : 1.7263892826156065e+5,
        "time" : [
          28.962181649,
          "s"
        ]
      },
      "usage" : {
        "disk" : {
          "0.500000" : [
            149.96484375,
            "MB"
          ],
          "0.600000" : [
            149.96484375,
            "MB"
          ],
          "0.700000" : [
            149.96484375,
            "MB"
          ],
          "0.800000" : [
            149.96484375,
            "MB"
          ],
          "0.900000" : [
            149.96484375,
            "MB"
          ],
          "0.950000" : [
            149.96484375,
            "MB"
          ],
          "0.990000" : [
            149.96484375,
            "MB"
          ],
          "0.999000" : [
            149.96484375,
            "MB"
          ],
          "0.999999" : [
            149.96484375,
            "MB"
          ]
        },
        "resident" : {
          "0.500000" : [
            222.44140625,
            "MB"
          ],
          "0.600000" : [
            222.48828125,
            "MB"
          ],
          "0.700000" : [
            222.50390625,
            "MB"
          ],
          "0.800000" : [
            222.51953125,
            "MB"
          ],
          "0.900000" : [
            222.578125,
            "MB"
          ],
          "0.950000" : [
            222.59375,
            "MB"
          ],
          "0.990000" : [
            222.61328125,
            "MB"
          ],
          "0.999000" : [
            222.61328125,
            "MB"
          ],
          "0.999999" : [
            222.61328125,
            "MB"
          ]
        },
        "virtual" : {
          "0.500000" : [
            400.625,
            "MB"
          ],
          "0.600000" : [
            400.625,
            "MB"
          ],
          "0.700000" : [
            400.625,
            "MB"
          ],
          "0.800000" : [
            400.625,
            "MB"
          ],
          "0.900000" : [
            400.625,
            "MB"
          ],
          "0.950000" : [
            400.625,
            "MB"
          ],
          "0.990000" : [
            400.625,
            "MB"
          ],
          "0.999000" : [
            400.625,
            "MB"
          ],
          "0.999999" : [
            400.625,
            "MB"
          ]
        }
      }
    },
    {
      "name" : "lookupSingleHotset",
      "performance" : {
        "count" : 5000000,
        "latencies" : {
          "0.500000" : [
            38.719,
            "μs"
          ],
          "0.600000" : [
            40.367,
            "μs"
          ],
          "0.700000" : [
            42.277,
            "μs"
          ],
          "0.800000" : [
            44.731,
            "μs"
          ],
          "0.900000" : [
            48.119,
            "μs"
          ],
          "0.950000" : [
            50.775,
            "μs"
          ],
          "0.990000" : [
            57.791,
            "μs"
          ],
          "0.999000" : [
            81.919,
            "μs"
          ],
          "0.999999" : [
            8.388607,
            "ms"
          ]
        },
        "throughput" : 1.9373398817211954e+5,
        "time" : [
          25.808584478,
          "s"
        ]
      },
      "usage" : {
        "disk" : {
          "0.500000" : [
            149.96484375,
            "MB"
          ],
          "0.600000" : [
            149.96484375,
            "MB"
          ],
          "0.700000" : [
            149.96484375,
            "MB"
          ],
          "0.800000" : [
            149.96484375,
            "MB"
          ],
          "0.900000" : [
            149.96484375,
            "MB"
          ],