{
  "config" : {
    "folder" : "/tmp/test_rocksdb-benchmark_benchmark",
    "hotsetCount" : 0,
    "keyCount" : 100000000,
    "lookupCount" : 0,
    "rangeLimit" : 0,
    "threadCount" : 2,
    "transactionSize" : 1000
  },
  "workloads" : [
    {
      "name" : "insert",
      "performance" : {
        "count" : 100000000,
        "latencies" : {
          "0.500000" : [
            136.783,
            "μs"
          ],
          "0.600000" : [
            142.687,
            "μs"
          ],
          "0.700000" : [
            148.871,
            "μs"
          ],
          "0.800000" : [
            156.063,
            "μs"
          ],
          "0.900000" : [
            166.463,
            "μs"
          ],
          "0.950000" : [
            183.551,
            "μs"
          ],
          "0.990000" : [
            511.999,
            "μs"
          ],
          "0.999000" : [
            950.271,
            "μs"
          ],
          "0.999999" : [
            4.294967295,
            "s"
          ]
        },
        "throughput" : 1.2867211774296757e+4,
        "time" : [
          2.158803186348889,
          "h"
        ]
      },
      "usage" : {
        "disk" : {
          "0.500000" : [
            5.939208984375,
            "GB"
          ],
          "0.600000" : [
            6.918842315673828,
            "GB"
          ],
          "0.700000" : [
            8.058536529541016,
            "GB"
          ],
          "0.800000" : [
            9.1072998046875,
            "GB"
          ],
          "0.900000" : [
            10.133167266845703,
            "GB"
          ],
          "0.950000" : [
            10.637702941894531,
            "GB"
          ],
          "0.990000" : [
            11.144824981689453,
            "GB"
          ],
          "0.999000" : [
            11.802677154541016,
            "GB"
          ],
          "0.999999" : [
            11.928997039794922,
            "GB"
          ]
        },
        "resident" : {
          "0.500000" : [
            208.90625,
            "MB"
          ],
          "0.600000" : [
            215.1328125,
            "MB"
          ],
          "0.700000" : [
            221.59375,
            "MB"
          ],
          "0.800000" : [
            228.5390625,
            "MB"
          ],
          "0.900000" : [
            236.03125,
            "MB"
          ],
          "0.950000" : [
            240.51171875,
            "MB"
          ],
          "0.990000" : [
            246.32421875,
            "MB"
          ],
          "0.999000" : [
            251.375,
            "MB"
          ],
          "0.999999" : [
            254.29296875,
            "MB"
          ]
        },
        "virtual" : {
          "0.500000" : [
            380.60546875,
            "MB"
          ],
          "0.600000" : [
            380.60546875,
            "MB"
          ],
          "0.700000" : [
            380.60546875,
            "MB"
          ],
          "0.800000" : [
            380.60546875,
            "MB"
          ],
          "0.900000" : [
            388.60546875,
            "MB"
          ],
          "0.950000" : [
            388.60546875,
            "MB"
          ],
          "0.990000" : [
            388.60546875,
            "MB"
          ],
          "0.999000" : [
            388.60546875,
            "MB"
          ],
          "0.999999" : [
            388.60546875,
            "MB"
          ]
        }
      }
    },
    {
      "name" : "insertBatch",
      "performance" : {
        "count" : 100000000,
        "latencies" : {
          "0.500000" : [
            136.249343,
            "ms"
          ],
          "0.600000" : [
            142.999551,
            "ms"
          ],
          "0.700000" : [
            148.766719,
            "ms"
          ],
          "0.800000" : [
            156.155903,
            "ms"
          ],
          "0.900000" : [
            173.473791,
            "ms"
          ],
          "0.950000" : [
            199.491583,
            "ms"
          ],
          "0.990000" : [
            587.202559,
            "ms"
          ],
          "0.999000" : [
            740.294655,
            "ms"
          ],
          "0.999999" : [
            1.073741823,
            "s"
          ]
        },
        "throughput" : 1.3056920624323193e+4,
        "time" : [
          2.127437132920278,
          "h"
        ]
      },
      "usage" : {
        "disk" : {
          "0.500000" : [
            16.787384033203125,
            "GB"
          ],
          "0.600000" : [
            18.0648193359375,
            "GB"
          ],
          "0.700000" : [
            19.175384521484375,
            "GB"
          ],
          "0.800000" : [
            20.322040557861328,
            "GB"
          ],
          "0.900000" : [
            21.185901641845703,
            "GB"
          ],
          "0.950000" : [
            21.65304946899414,
            "GB"
          ],
          "0.990000" : [
            22.057292938232422,
            "GB"
          ],
          "0.999000" : [
            22.977840423583984,
            "GB"
          ],
          "0.999999" : [
            23.23055648803711,
            "GB"
          ]
        },
        "resident" : {
          "0.500000" : [
            239.875,
            "MB"
          ],
          "0.600000" : [
            246.0546875,
            "MB"
          ],
          "0.700000" : [
            252.34765625,
            "MB"
          ],
          "0.800000" : [
            259.0703125,
            "MB"
          ],
          "0.900000" : [
            267.0078125,
            "MB"
          ],
          "0.950000" : [
            271.85546875,
            "MB"
          ],
          "0.990000" : [
            279.7109375,
            "MB"
          ],
          "0.999000" : [
            287.48046875,
            "MB"
          ],
          "0.999999" : [
            291.3984375,
            "MB"
          ]
        },
        "virtual" : {
          "0.500000" : [
            416.60546875,
            "MB"
          ],
          "0.600000" : [
            416.60546875,
            "MB"
          ],
          "0.700000" : [
            416.60546875,
            "MB"
          ],
          "0.800000" : [
            424.60546875,
            "MB"
          ],
          "0.900000" : [
            432.60546875,
            "MB"
          ],
          "0.950000" : [
            432.60546875,
            "MB"
          ],
          "0.990000" : [
            432.60546875,
            "MB"
          ],
          "0.999000" : [
            432.60546875,
            "MB"
          ],
          "0.999999" : [
            432.60546875,
            "MB"
          ]
        }
      }
    }
  ]
}
