{
  "config" : {
    "folder" : "/tmp/test_rocksdb-benchmark_benchmark",
    "hotsetCount" : 5000,
    "keyCount" : 100000,
    "lookupCount" : 500000,
    "rangeLimit" : 20000,
    "threadCount" : 4,
    "transactionSize" : 1000
  },
  "workloads" : [
    {
      "name" : "insert",
      "performance" : {
        "count" : 100000,
        "latencies" : {
          "0.500000" : [
            62.296,
            "μs"
          ],
          "0.600000" : [
            64.147,
            "μs"
          ],
          "0.700000" : [
            66.289,
            "μs"
          ],
          "0.800000" : [
            69.487,
            "μs"
          ],
          "0.900000" : [
            76.289,
            "μs"
          ],
          "0.950000" : [
            86.911,
            "μs"
          ],
          "0.990000" : [
            139.905,
            "μs"
          ],
          "0.999000" : [
            819.199,
            "μs"
          ],
          "0.999999" : [
            67.108863,
            "ms"
          ]
        },
        "throughput" : 2.3876432953614592e+4,
        "time" : [
          4.188230302,
          "s"
        ]
      },
      "usage" : {
        "disk" : {
          "0.500000" : [
            74.5546875,
            "MB"
          ],
          "0.600000" : [
            74.5546875,
            "MB"
          ],
          "0.700000" : [
            74.5546875,
            "MB"
          ],
          "0.800000" : [
            74.5546875,
            "MB"
          ],
          "0.900000" : [
            74.5546875,
            "MB"
          ],
          "0.950000" : [
            74.5546875,
            "MB"
          ],
          "0.990000" : [
            74.5546875,
            "MB"
          ],
          "0.999000" : [
            74.5546875,
            "MB"
          ],
          "0.999999" : [
            74.5546875,
            "MB"
          ]
        },
        "resident" : {
          "0.500000" : [
            26.00390625,
            "MB"
          ],
          "0.600000" : [
            35.80078125,
            "MB"
          ],
          "0.700000" : [
            35.80078125,
            "MB"
          ],
          "0.800000" : [
            35.91796875,
            "MB"
          ],
          "0.900000" : [
            35.91796875,
            "MB"
          ],
          "0.950000" : [
            35.91796875,
            "MB"
          ],
          "0.990000" : [
            35.91796875,
            "MB"
          ],
          "0.999000" : [
            35.91796875,
            "MB"
          ],
          "0.999999" : [
            35.91796875,
            "MB"
          ]
        },
        "virtual" : {
          "0.500000" : [
            116.60546875,
            "MB"
          ],
          "0.600000" : [
            124.60546875,
            "MB"
          ],
          "0.700000" : [
            124.60546875,
            "MB"
          ],
          "0.800000" : [
            124.60546875,
            "MB"
          ],
          "0.900000" : [
            124.60546875,
            "MB"
          ],
          "0.950000" : [
            124.60546875,
            "MB"
          ],
          "0.990000" : [
            124.60546875,
            "MB"
          ],
          "0.999000" : [
            124.60546875,
            "MB"
          ],
          "0.999999" : [
            124.60546875,
            "MB"
          ]
        }
      }
    },
    {
      "name" : "lookupSingle",
      "performance" : {
        "count" : 500000,
        "latencies" : {
          "0.500000" : [
            11.576,
            "μs"
          ],
          "0.600000" : [
            11.911,
            "μs"
          ],
          "0.700000" : [
            12.289,
            "μs"
          ],
          "0.800000" : [
            12.763,
            "μs"
          ],
          "0.900000" : [
            13.488,
            "μs"
          ],
          "0.950000" : [
            14.215,
            "μs"
          ],
          "0.990000" : [
            16.2,
            "μs"
          ],
          "0.999000" : [
            27.081,
            "μs"
          ],
          "0.999999" : [
            1.058564,
            "ms"
          ]
        },
        "throughput" : 3.1696232135444926e+5,
        "time" : [
          1.577474565,
          "s"
        ]
      },
      "usage" : {
        "disk" : {
          "0.500000" : [
            74.5546875,
            "MB"
          ],
          "0.600000" : [
            74.5546875,
            "MB"
          ],
          "0.700000" : [
            74.5546875,
            "MB"
          ],
          "0.800000" : [
            74.5546875,
            "MB"
          ],
          "0.900000" : [
            74.5546875,
            "MB"
          ],
          "0.950000" : [
            74.5546875,
            "MB"
          ],
          "0.990000" : [
            74.5546875,
            "MB"
          ],
          "0.999000" : [
            74.5546875,
            "MB"
          ],
          "0.999999" : [
            74.5546875,
            "MB"
          ]
        },
        "resident" : {
          "0.500000" : [
            32.77734375,
            "MB"
          ],
          "0.600000" : [
            32.77734375,
            "MB"
          ],
          "0.700000" : [
            32.77734375,
            "MB"
          ],
          "0.800000" : [
            32.77734375,
            "MB"
          ],
          "0.900000" : [
            32.77734375,
            "MB"
          ],
          "0.950000" : [
            32.77734375,
            "MB"
          ],
          "0.990000" : [
            32.77734375,
            "MB"
          ],
          "0.999000" : [
            32.77734375,
            "MB"
          ],
          "0.999999" : [
            32.77734375,
            "MB"
          ]
        },
        "virtual" : {
          "0.500000" : [
            128.60546875,
            "MB"
          ],
          "0.600000" : [
            128.60546875,
            "MB"
          ],
          "0.700000" : [
            128.60546875,
            "MB"
          ],
          "0.800000" : [
            128.60546875,
            "MB"
          ],
          "0.900000" : [
            128.60546875,
            "MB"
          ],
          "0.950000" : [
            128.60546875,
            "MB"
          ],
          "0.990000" : [
            128.60546875,
            "MB"
          ],
          "0.999000" : [
            128.60546875,
            "MB"
          ],
          "0.999999" : [
            128.60546875,
            "MB"
          ]
        }
      }
    },
    {
      "name" : "lookupSingleHotset",
      "performance" : {
        "count" : 500000,
        "latencies" : {
          "0.500000" : [
            11.11,
            "μs"
          ],
          "0.600000" : [
            11.431,
            "μs"
          ],
          "0.700000" : [
            11.798,
            "μs"
          ],
          "0.800000" : [
            12.27,
            "μs"
          ],
          "0.900000" : [
            12.958,
            "μs"
          ],
          "0.950000" : [
            13.65,
            "μs"
          ],
          "0.990000" : [
            15.825,
            "μs"
          ],
          "0.999000" : [
            31.044,
            "μs"
          ],
          "0.999999" : [
            725.744,
            "μs"
          ]
        },
        "throughput" : 3.296919373176026e+5,
        "time" : [
          1.516567266,
          "s"
        ]
      },
      "usage" : {
        "disk" : {
          "0.500000" : [
            74.5546875,
            "MB"
          ],
          "0.600000" : [
            74.5546875,
            "MB"
          ],
          "0.700000" : [
            74.5546875,
            "MB"
          ],
          "0.800000" : [
            74.5546875,
            "MB"
          ],