{
  "config" : {
    "folder" : "/tmp/test_rocksdb-benchmark_benchmark",
    "hotsetCount" : 0,
    "keyCount" : 100000000,
    "lookupCount" : 0,
    "rangeLimit" : 0,
    "threadCount" : 8,
    "transactionSize" : 1000
  },
  "workloads" : [
    {
      "name" : "insert",
      "performance" : {
        "count" : 100000000,
        "latencies" : {
          "0.500000" : [
            186.623,
            "μs"
          ],
          "0.600000" : [
            195.935,
            "μs"
          ],
          "0.700000" : [
            207.359,
            "μs"
          ],
          "0.800000" : [
            223.903,
            "μs"
          ],
          "0.900000" : [
            260.735,
            "μs"
          ],
          "0.950000" : [
            333.311,
            "μs"
          ],
          "0.990000" : [
            770.047,
            "μs"
          ],
          "0.999000" : [
            1.343487,
            "ms"
          ],
          "0.999999" : [
            8.589934591,
            "s"
          ]
        },
        "throughput" : 3.386696970287461e+4,
        "time" : [
          49.21215807876667,
          "m"
        ]
      },
      "usage" : {
        "disk" : {
          "0.500000" : [
            6.6704254150390625,
            "GB"
          ],
          "0.600000" : [
            7.702198028564453,
            "GB"
          ],
          "0.700000" : [
            8.860973358154297,
            "GB"
          ],
          "0.800000" : [
            9.868812561035156,
            "GB"
          ],
          "0.900000" : [
            10.658767700195313,
            "GB"
          ],
          "0.950000" : [
            10.891437530517578,
            "GB"
          ],
          "0.990000" : [
            11.212505340576172,
            "GB"
          ],
          "0.999000" : [
            11.870113372802734,
            "GB"
          ],
          "0.999999" : [
            11.99643325805664,
            "GB"
          ]
        },
        "resident" : {
          "0.500000" : [
            229.84765625,
            "MB"
          ],
          "0.600000" : [
            236.171875,
            "MB"
          ],
          "0.700000" : [
            242.72265625,
            "MB"
          ],
          "0.800000" : [
            249.63671875,
            "MB"
          ],
          "0.900000" : [
            257.34765625,
            "MB"
          ],
          "0.950000" : [
            262.17578125,
            "MB"
          ],
          "0.990000" : [
            269.80859375,
            "MB"
          ],
          "0.999000" : [
            274.078125,
            "MB"
          ],
          "0.999999" : [
            276.53515625,
            "MB"
          ]
        },
        "virtual" : {
          "0.500000" : [
            520.62890625,
            "MB"
          ],
          "0.600000" : [
            528.62890625,
            "MB"
          ],
          "0.700000" : [
            528.62890625,
            "MB"
          ],
          "0.800000" : [
            528.62890625,
            "MB"
          ],
          "0.900000" : [
            528.62890625,
            "MB"
          ],
          "0.950000" : [
            528.62890625,
            "MB"
          ],
          "0.990000" : [
            528.62890625,
            "MB"
          ],
          "0.999000" : [
            528.62890625,
            "MB"
          ],
          "0.999999" : [
            528.62890625,
            "MB"
          ]
        }
      }
    },
    {
      "name" : "insertBatch",
      "performance" : {
        "count" : 100000000,
        "latencies" : {
          "0.500000" : [
            170.426367,
            "ms"
          ],
          "0.600000" : [
            178.651135,
            "ms"
          ],
          "0.700000" : [
            189.136895,
            "ms"
          ],
          "0.800000" : [
            205.455359,
            "ms"
          ],
          "0.900000" : [
            244.383743,
            "ms"
          ],
          "0.950000" : [
            337.903615,
            "ms"
          ],
          "0.990000" : [
            522.190847,
            "ms"
          ],
          "0.999000" : [
            880.803839,
            "ms"
          ],
          "0.999999" : [
            2.147483647,
            "s"
          ]
        },
        "throughput" : 3.9728623619730584e+4,
        "time" : [
          41.9512813386,
          "m"
        ]
      },
      "usage" : {
        "disk" : {
          "0.500000" : [
            17.596710205078125,
            "GB"
          ],
          "0.600000" : [
            18.684947967529297,
            "GB"
          ],
          "0.700000" : [
            19.842205047607422,
            "GB"
          ],
          "0.800000" : [
            20.883880615234375,
            "GB"
          ],
          "0.900000" : [
            21.665714263916016,
            "GB"
          ],
          "0.950000" : [
            21.920299530029297,
            "GB"
          ],
          "0.990000" : [
            22.469799041748047,
            "GB"
          ],
          "0.999000" : [
            23.060447692871094,
            "GB"
          ],
          "0.999999" : [
            23.186805725097656,
            "GB"
          ]
        },
        "resident" : {
          "0.500000" : [
            262.78515625,
            "MB"
          ],
          "0.600000" : [
            271.4296875,
            "MB"
          ],
          "0.700000" : [
            280.59765625,
            "MB"
          ],
          "0.800000" : [
            290.55078125,
            "MB"
          ],
          "0.900000" : [
            304.51953125,
            "MB"
          ],
          "0.950000" : [
            314.2421875,
            "MB"
          ],
          "0.990000" : [
            325.87109375,
            "MB"
          ],
          "0.999000" : [
            337.8984375,
            "MB"
          ],
          "0.999999" : [
            340.4296875,
            "MB"
          ]
        },
        "virtual" : {
          "0.500000" : [
            568.62890625,
            "MB"
          ],
          "0.600000" : [
            568.62890625,
            "MB"
          ],
          "0.700000" : [
            568.62890625,
            "MB"
          ],
          "0.800000" : [
            584.62890625,
            "MB"
          ],
          "0.900000" : [
            600.62890625,
            "MB"
          ],
          "0.950000" : [
            600.62890625,
            "MB"
          ],
          "0.990000" : [
            600.62890625,
            "MB"
          ],
          "0.999000" : [
            600.62890625,
            "MB"
          ],
          "0.999999" : [
            600.62890625,
            "MB"
          ]
        }
      }
    }
  ]
}
