{
  "config" : {
    "folder" : "/tmp/test_rocksdb-benchmark_benchmark",
    "hotsetCount" : 500000,
    "keyCount" : 10000000,
    "lookupCount" : 50000000,
    "rangeLimit" : 2000000,
    "threadCount" : 1,
    "transactionSize" : 1000
  },
  "workloads" : [
    {
      "name" : "insert",
      "performance" : {
        "count" : 10000000,
        "latencies" : {
          "0.500000" : [
            110.327,
            "μs"
          ],
          "0.600000" : [
            117.055,
            "μs"
          ],
          "0.700000" : [
            123.583,
            "μs"
          ],
          "0.800000" : [
            129.999,
            "μs"
          ],
          "0.900000" : [
            136.863,
            "μs"
          ],
          "0.950000" : [
            141.695,
            "μs"
          ],
          "0.990000" : [
            152.447,
            "μs"
          ],
          "0.999000" : [
            393.215,
            "μs"
          ],
          "0.999999" : [
            536.870911,
            "ms"
          ]
        },
        "throughput" : 8530.052765386445,
        "time" : [
          19.538761511883333,
          "m"
        ]
      },
      "usage" : {
        "disk" : {
          "0.500000" : [
            660.1015625,
            "MB"
          ],
          "0.600000" : [
            776.84765625,
            "MB"
          ],
          "0.700000" : [
            854.0703125,
            "MB"
          ],
          "0.800000" : [
            972.09375,
            "MB"
          ],
          "0.900000" : [
            1.0631141662597656,
            "GB"
          ],
          "0.950000" : [
            1.1016883850097656,
            "GB"
          ],
          "0.990000" : [
            1.3350372314453125,
            "GB"
          ],
          "0.999000" : [
            1.5236434936523438,
            "GB"
          ],
          "0.999999" : [
            1.58685302734375,
            "GB"
          ]
        },
        "resident" : {
          "0.500000" : [
            181.71875,
            "MB"
          ],
          "0.600000" : [
            188.1796875,
            "MB"
          ],
          "0.700000" : [
            194.83984375,
            "MB"
          ],
          "0.800000" : [
            201.4375,
            "MB"
          ],
          "0.900000" : [
            207.71875,
            "MB"
          ],
          "0.950000" : [
            211.484375,
            "MB"
          ],
          "0.990000" : [
            216.1171875,
            "MB"
          ],
          "0.999000" : [
            217.8984375,
            "MB"
          ],
          "0.999999" : [
            218.609375,
            "MB"
          ]
        },
        "virtual" : {
          "0.500000" : [
            304.6015625,
            "MB"
          ],
          "0.600000" : [
            304.6015625,
            "MB"
          ],
          "0.700000" : [
            304.6015625,
            "MB"
          ],
          "0.800000" : [
            304.6015625,
            "MB"
          ],
          "0.900000" : [
            312.6015625,
            "MB"
          ],
          "0.950000" : [
            312.6015625,
            "MB"
          ],
          "0.990000" : [
            312.6015625,
            "MB"
          ],
          "0.999000" : [
            312.6015625,
            "MB"
          ],
          "0.999999" : [
            312.6015625,
            "MB"
          ]
        }
      }
    },
    {
      "name" : "lookupSingle",
      "performance" : {
        "count" : 50000000,
        "latencies" : {
          "0.500000" : [
            39.038,
            "μs"
          ],
          "0.600000" : [
            39.551,
            "μs"
          ],
          "0.700000" : [
            40.137,
            "μs"
          ],
          "0.800000" : [
            40.892,
            "μs"
          ],
          "0.900000" : [
            42.12,
            "μs"
          ],
          "0.950000" : [
            43.371,
            "μs"
          ],
          "0.990000" : [
            46.719,
            "μs"
          ],
          "0.999000" : [
            60.415,
            "μs"
          ],
          "0.999999" : [
            16.777215,
            "ms"
          ]
        },
        "throughput" : 2.4625893509321748e+4,
        "time" : [
          33.8397196844,
          "m"
        ]
      },
      "usage" : {
        "disk" : {
          "0.500000" : [
            1.6409721374511719,
            "GB"
          ],
          "0.600000" : [
            1.6409721374511719,
            "GB"
          ],
          "0.700000" : [
            1.6409721374511719,
            "GB"
          ],
          "0.800000" : [
            1.6409721374511719,
            "GB"
          ],
          "0.900000" : [
            1.6409721374511719,
            "GB"
          ],
          "0.950000" : [
            1.6409721374511719,
            "GB"
          ],
          "0.990000" : [
            1.6409721374511719,
            "GB"
          ],
          "0.999000" : [
            1.6409721374511719,
            "GB"
          ],
          "0.999999" : [
            1.6500930786132813,
            "GB"
          ]
        },
        "resident" : {
          "0.500000" : [
            183.73046875,
            "MB"
          ],
          "0.600000" : [
            183.73046875,
            "MB"
          ],
          "0.700000" : [
            183.73046875,
            "MB"
          ],
          "0.800000" : [
            183.73046875,
            "MB"
          ],
          "0.900000" : [
            183.73046875,
            "MB"
          ],
          "0.950000" : [
            183.73046875,
            "MB"
          ],
          "0.990000" : [
            183.73046875,
            "MB"
          ],
          "0.999000" : [
            183.73046875,
            "MB"
          ],
          "0.999999" : [
            183.73046875,
            "MB"
          ]
        },
        "virtual" : {
          "0.500000" : [
            312.6015625,
            "MB"
          ],
          "0.600000" : [
            312.6015625,
            "MB"
          ],
          "0.700000" : [
            312.6015625,
            "MB"
          ],
          "0.800000" : [
            312.6015625,
            "MB"
          ],
          "0.900000" : [
            312.6015625,
            "MB"
          ],
          "0.950000" : [
            312.6015625,
            "MB"
          ],
          "0.990000" : [
            312.6015625,
            "MB"
          ],
          "0.999000" : [
            312.6015625,
            "MB"
          ],
          "0.999999" : [
            312.6015625,
            "MB"
          ]
        }
      }
    },
    {
      "name" : "lookupSingleHotset",
      "performance" : {
        "count" : 50000000,
        "latencies" : {
          "0.500000" : [
            38.56,
            "μs"
          ],
          "0.600000" : [
            39.06,
            "μs"
          ],
          "0.700000" : [
            39.633,
            "μs"
          ],
          "0.800000" : [
            40.377,
            "μs"
          ],
          "0.900000" : [
            41.615,
            "μs"
          ],
          "0.950000" : [
            42.903,
            "μs"
          ],
          "0.990000" : [
            46.399,
            "μs"
          ],
          "0.999000" : [
            60.415,
            "μs"
          ],
          "0.999999" : [
            16.777215,
            "ms"
          ]
        },
        "throughput" : 2.493614971831152e+4,
        "time" : [
          33.41868503145,
          "m"
        ]
      },
      "usage" : {
        "disk" : {
          "0.500000" : [
            1.6409721374511719,
            "GB"
          ],
          "0.600000" : [
            1.6409721374511719,
            "GB"
          ],