{
  "config" : {
    "folder" : "/tmp/test_rocksdb-benchmark_benchmark",
    "hotsetCount" : 500000,
    "keyCount" : 10000000,
    "lookupCount" : 50000000,
    "rangeLimit" : 2000000,
    "threadCount" : 16,
    "transactionSize" : 1000
  },
  "workloads" : [
    {
      "name" : "insert",
      "performance" : {
        "count" : 10000000,
        "latencies" : {
          "0.500000" : [
            260.639,
            "μs"
          ],
          "0.600000" : [
            273.615,
            "μs"
          ],
          "0.700000" : [
            286.767,
            "μs"
          ],
          "0.800000" : [
            302.127,
            "μs"
          ],
          "0.900000" : [
            325.087,
            "μs"
          ],
          "0.950000" : [
            353.407,
            "μs"
          ],
          "0.990000" : [
            565.247,
            "μs"
          ],
          "0.999000" : [
            1.179647,
            "ms"
          ],
          "0.999999" : [
            1.073741823,
            "s"
          ]
        },
        "throughput" : 4.678218236748936e+4,
        "time" : [
          3.562609913266667,
          "m"
        ]
      },
      "usage" : {
        "disk" : {
          "0.500000" : [
            636.3125,
            "MB"
          ],
          "0.600000" : [
            784.171875,
            "MB"
          ],
          "0.700000" : [
            935.2734375,
            "MB"
          ],
          "0.800000" : [
            1.0614547729492188,
            "GB"
          ],
          "0.900000" : [
            1.2303657531738281,
            "GB"
          ],
          "0.950000" : [
            1.3076629638671875,
            "GB"
          ],
          "0.990000" : [
            1.5166168212890625,
            "GB"
          ],
          "0.999000" : [
            1.5798568725585938,
            "GB"
          ],
          "0.999999" : [
            1.5798568725585938,
            "GB"
          ]
        },
        "resident" : {
          "0.500000" : [
            221.5859375,
            "MB"
          ],
          "0.600000" : [
            230.71484375,
            "MB"
          ],
          "0.700000" : [
            237.625,
            "MB"
          ],
          "0.800000" : [
            244.20703125,
            "MB"
          ],
          "0.900000" : [
            252.1328125,
            "MB"
          ],
          "0.950000" : [
            256.55859375,
            "MB"
          ],
          "0.990000" : [
            262.9453125,
            "MB"
          ],
          "0.999000" : [
            264.4375,
            "MB"
          ],
          "0.999999" : [
            264.4375,
            "MB"
          ]
        },
        "virtual" : {
          "0.500000" : [
            576.66015625,
            "MB"
          ],
          "0.600000" : [
            576.66015625,
            "MB"
          ],
          "0.700000" : [
            576.66015625,
            "MB"
          ],
          "0.800000" : [
            576.66015625,
            "MB"
          ],
          "0.900000" : [
            584.66015625,
            "MB"
          ],
          "0.950000" : [
            584.66015625,
            "MB"
          ],
          "0.990000" : [
            584.66015625,
            "MB"
          ],
          "0.999000" : [
            584.66015625,
            "MB"
          ],
          "0.999999" : [
            584.66015625,
            "MB"
          ]
        }
      }
    },
    {
      "name" : "lookupSingle",
      "performance" : {
        "count" : 50000000,
        "latencies" : {
          "0.500000" : [
            89.127,
            "μs"
          ],
          "0.600000" : [
            91.379,
            "μs"
          ],
          "0.700000" : [
            93.907,
            "μs"
          ],
          "0.800000" : [
            96.719,
            "μs"
          ],
          "0.900000" : [
            101.159,
            "μs"
          ],
          "0.950000" : [
            105.223,
            "μs"
          ],
          "0.990000" : [
            114.943,
            "μs"
          ],
          "0.999000" : [
            524.287,
            "μs"
          ],
          "0.999999" : [
            16.777215,
            "ms"
          ]
        },
        "throughput" : 1.8166494133556265e+5,
        "time" : [
          4.587199529016667,
          "m"
        ]
      },
      "usage" : {
        "disk" : {
          "0.500000" : [
            1.1316757202148438,
            "GB"
          ],
          "0.600000" : [
            1.1316757202148438,
            "GB"
          ],
          "0.700000" : [
            1.1316757202148438,
            "GB"
          ],
          "0.800000" : [
            1.1316757202148438,
            "GB"
          ],
          "0.900000" : [
            1.1316757202148438,
            "GB"
          ],
          "0.950000" : [
            1.1316757202148438,
            "GB"
          ],
          "0.990000" : [
            1.1316757202148438,
            "GB"
          ],
          "0.999000" : [
            1.1316757202148438,
            "GB"
          ],
          "0.999999" : [
            1.1316757202148438,
            "GB"
          ]
        },
        "resident" : {
          "0.500000" : [
            216.38671875,
            "MB"
          ],
          "0.600000" : [
            216.65234375,
            "MB"
          ],
          "0.700000" : [
            216.859375,
            "MB"
          ],
          "0.800000" : [
            217.04296875,
            "MB"
          ],
          "0.900000" : [
            217.2265625,
            "MB"
          ],
          "0.950000" : [
            217.33203125,
            "MB"
          ],
          "0.990000" : [
            217.44140625,
            "MB"
          ],
          "0.999000" : [
            217.52734375,
            "MB"
          ],
          "0.999999" : [
            217.52734375,
            "MB"
          ]
        },
        "virtual" : {
          "0.500000" : [
            584.66015625,
            "MB"
          ],
          "0.600000" : [
            584.66015625,
            "MB"
          ],
          "0.700000" : [
            584.66015625,
            "MB"
          ],
          "0.800000" : [
            584.66015625,
            "MB"
          ],
          "0.900000" : [
            584.66015625,
            "MB"
          ],
          "0.950000" : [
            584.66015625,
            "MB"
          ],
          "0.990000" : [
            584.66015625,
            "MB"
          ],
          "0.999000" : [
            584.66015625,
            "MB"
          ],
          "0.999999" : [
            584.66015625,
            "MB"
          ]
        }
      }
    },
    {
      "name" : "lookupSingleHotset",
      "performance" : {
        "count" : 50000000,
        "latencies" : {
          "0.500000" : [
            84.175,
            "μs"
          ],
          "0.600000" : [
            87.079,
            "μs"
          ],
          "0.700000" : [
            89.463,
            "μs"
          ],
          "0.800000" : [
            92.459,
            "μs"
          ],
          "0.900000" : [
            96.927,
            "μs"
          ],
          "0.950000" : [
            100.975,
            "μs"
          ],
          "0.990000" : [
            110.911,
            "μs"
          ],
          "0.999000" : [
            262.143,
            "μs"
          ],
          "0.999999" : [
            16.777215,
            "ms"
          ]
        },
        "throughput" : 1.9272849022717783e+5,
        "time" : [
          4.323872056233333,
          "m"
        ]
      },
      "usage" : {
        "disk" : {
          "0.500000" : [
            1.1316757202148438,
            "GB"
          ],
          "0.600000" : [
            1.1316757202148438,
            "GB"
          ],