{
  "config" : {
    "folder" : "/tmp/test_rocksdb-benchmark_benchmark",
    "hotsetCount" : 50000,
    "keyCount" : 1000000,
    "lookupCount" : 5000000,
    "rangeLimit" : 200000,
    "threadCount" : 4,
    "transactionSize" : 1000
  },
  "workloads" : [
    {
      "name" : "insert",
      "performance" : {
        "count" : 1000000,
        "latencies" : {
          "0.500000" : [
            81.835,
            "μs"
          ],
          "0.600000" : [
            86.367,
            "μs"
          ],
          "0.700000" : [
            91.351,
            "μs"
          ],
          "0.800000" : [
            96.511,
            "μs"
          ],
          "0.900000" : [
            102.879,
            "μs"
          ],
          "0.950000" : [
            109.119,
            "μs"
          ],
          "0.990000" : [
            138.623,
            "μs"
          ],
          "0.999000" : [
            589.823,
            "μs"
          ],
          "0.999999" : [
            134.217727,
            "ms"
          ]
        },
        "throughput" : 4.0156849018876026e+4,
        "time" : [
          24.902352262,
          "s"
        ]
      },
      "usage" : {
        "disk" : {
          "0.500000" : [
            111.96484375,
            "MB"
          ],
          "0.600000" : [
            111.96484375,
            "MB"
          ],
          "0.700000" : [
            149.7734375,
            "MB"
          ],
          "0.800000" : [
            149.7734375,
            "MB"
          ],
          "0.900000" : [
            149.7734375,
            "MB"
          ],
          "0.950000" : [
            149.7734375,
            "MB"
          ],
          "0.990000" : [
            149.7734375,
            "MB"
          ],
          "0.999000" : [
            149.7734375,
            "MB"
          ],
          "0.999999" : [
            149.7734375,
            "MB"
          ]
        },
        "resident" : {
          "0.500000" : [
            127.8984375,
            "MB"
          ],
          "0.600000" : [
            149.98046875,
            "MB"
          ],
          "0.700000" : [
            164.9296875,
            "MB"
          ],
          "0.800000" : [
            184.90625,
            "MB"
          ],
          "0.900000" : [
            197.74609375,
            "MB"
          ],
          "0.950000" : [
            202.91796875,
            "MB"
          ],
          "0.990000" : [
            204.42578125,
            "MB"
          ],
          "0.999000" : [
            204.42578125,
            "MB"
          ],
          "0.999999" : [
            204.42578125,
            "MB"
          ]
        },
        "virtual" : {
          "0.500000" : [
            232.609375,
            "MB"
          ],
          "0.600000" : [
            256.609375,
            "MB"
          ],
          "0.700000" : [
            272.609375,
            "MB"
          ],
          "0.800000" : [
            296.609375,
            "MB"
          ],
          "0.900000" : [
            304.609375,
            "MB"
          ],
          "0.950000" : [
            312.609375,
            "MB"
          ],
          "0.990000" : [
            312.609375,
            "MB"
          ],
          "0.999000" : [
            312.609375,
            "MB"
          ],
          "0.999999" : [
            312.609375,
            "MB"
          ]
        }
      }
    },
    {
      "name" : "lookupSingle",
      "performance" : {
        "count" : 5000000,
        "latencies" : {
          "0.500000" : [
            39.54,
            "μs"
          ],
          "0.600000" : [
            41.01,
            "μs"
          ],
          "0.700000" : [
            42.442,
            "μs"
          ],
          "0.800000" : [
            43.959,
            "μs"
          ],
          "0.900000" : [
            46.007,
            "μs"
          ],
          "0.950000" : [
            48.031,
            "μs"
          ],
          "0.990000" : [
            57.087,
            "μs"
          ],
          "0.999000" : [
            81.919,
            "μs"
          ],
          "0.999999" : [
            8.388607,
            "ms"
          ]
        },
        "throughput" : 9.69810613933832e+4,
        "time" : [
          51.556457809,
          "s"
        ]
      },
      "usage" : {
        "disk" : {
          "0.500000" : [
            149.7734375,
            "MB"
          ],
          "0.600000" : [
            149.7734375,
            "MB"
          ],
          "0.700000" : [
            149.7734375,
            "MB"
          ],
          "0.800000" : [
            149.7734375,
            "MB"
          ],
          "0.900000" : [
            149.7734375,
            "MB"
          ],
          "0.950000" : [
            149.7734375,
            "MB"
          ],
          "0.990000" : [
            149.7734375,
            "MB"
          ],
          "0.999000" : [
            149.7734375,
            "MB"
          ],
          "0.999999" : [
            149.7734375,
            "MB"
          ]
        },
        "resident" : {
          "0.500000" : [
            209.7265625,
            "MB"
          ],
          "0.600000" : [
            209.75390625,
            "MB"
          ],
          "0.700000" : [
            209.7890625,
            "MB"
          ],
          "0.800000" : [
            209.80859375,
            "MB"
          ],
          "0.900000" : [
            209.89453125,
            "MB"
          ],
          "0.950000" : [
            209.8984375,
            "MB"
          ],
          "0.990000" : [
            209.9140625,
            "MB"
          ],
          "0.999000" : [
            209.9140625,
            "MB"
          ],
          "0.999999" : [
            209.9140625,
            "MB"
          ]
        },
        "virtual" : {
          "0.500000" : [
            320.609375,
            "MB"
          ],
          "0.600000" : [
            320.609375,
            "MB"
          ],
          "0.700000" : [
            320.609375,
            "MB"
          ],
          "0.800000" : [
            320.609375,
            "MB"
          ],
          "0.900000" : [
            320.609375,
            "MB"
          ],
          "0.950000" : [
            320.609375,
            "MB"
          ],
          "0.990000" : [
            320.609375,
            "MB"
          ],
          "0.999000" : [
            320.609375,
            "MB"
          ],
          "0.999999" : [
            320.609375,
            "MB"
          ]
        }
      }
    },
    {
      "name" : "lookupSingleHotset",
      "performance" : {
        "count" : 5000000,
        "latencies" : {
          "0.500000" : [
            36.311,
            "μs"
          ],
          "0.600000" : [
            37.714,
            "μs"
          ],
          "0.700000" : [
            39.403,
            "μs"
          ],
          "0.800000" : [
            41.503,
            "μs"
          ],
          "0.900000" : [
            44.159,
            "μs"
          ],
          "0.950000" : [
            46.303,
            "μs"
          ],
          "0.990000" : [
            53.503,
            "μs"
          ],
          "0.999000" : [
            73.727,
            "μs"
          ],
          "0.999999" : [
            8.388607,
            "ms"
          ]
        },
        "throughput" : 1.0429029917921945e+5,
        "time" : [
          47.943097674,
          "s"
        ]
      },
      "usage" : {
        "disk" : {
          "0.500000" : [
            149.7734375,
            "MB"
          ],
          "0.600000" : [
            149.7734375,
            "MB"
          ],
          "0.700000" : [
            149.7734375,
            "MB"
          ],
          "0.800000" : [
            149.7734375,
            "MB"
          ],