{
  "config" : {
    "folder" : "/tmp/test_rocksdb-benchmark_benchmark",
    "hotsetCount" : 50000,
    "keyCount" : 1000000,
    "lookupCount" : 5000000,
    "rangeLimit" : 200000,
    "threadCount" : 32,
    "transactionSize" : 1000
  },
  "workloads" : [
    {
      "name" : "insert",
      "performance" : {
        "count" : 1000000,
        "latencies" : {
          "0.500000" : [
            179.815,
            "μs"
          ],
          "0.600000" : [
            188.135,
            "μs"
          ],
          "0.700000" : [
            198.559,
            "μs"
          ],
          "0.800000" : [
            216.639,
            "μs"
          ],
          "0.900000" : [
            299.263,
            "μs"
          ],
          "0.950000" : [
            369.407,
            "μs"
          ],
          "0.990000" : [
            540.671,
            "μs"
          ],
          "0.999000" : [
            4.718591,
            "ms"
          ],
          "0.999999" : [
            268.435455,
            "ms"
          ]
        },
        "throughput" : 9275.21942243355,
        "time" : [
          1.7969026831166666,
          "m"
        ]
      },
      "usage" : {
        "disk" : {
          "0.500000" : [
            111.734375,
            "MB"
          ],
          "0.600000" : [
            111.734375,
            "MB"
          ],
          "0.700000" : [
            111.734375,
            "MB"
          ],
          "0.800000" : [
            111.734375,
            "MB"
          ],
          "0.900000" : [
            146.47265625,
            "MB"
          ],
          "0.950000" : [
            146.47265625,
            "MB"
          ],
          "0.990000" : [
            181.1796875,
            "MB"
          ],
          "0.999000" : [
            206.98828125,
            "MB"
          ],
          "0.999999" : [
            206.98828125,
            "MB"
          ]
        },
        "resident" : {
          "0.500000" : [
            230.4921875,
            "MB"
          ],
          "0.600000" : [
            239.8046875,
            "MB"
          ],
          "0.700000" : [
            248.80078125,
            "MB"
          ],
          "0.800000" : [
            257.890625,
            "MB"
          ],
          "0.900000" : [
            326.375,
            "MB"
          ],
          "0.950000" : [
            326.7421875,
            "MB"
          ],
          "0.990000" : [
            327.015625,
            "MB"
          ],
          "0.999000" : [
            327.08203125,
            "MB"
          ],
          "0.999999" : [
            327.08203125,
            "MB"
          ]
        },
        "virtual" : {
          "0.500000" : [
            696.71875,
            "MB"
          ],
          "0.600000" : [
            696.71875,
            "MB"
          ],
          "0.700000" : [
            704.71875,
            "MB"
          ],
          "0.800000" : [
            704.71875,
            "MB"
          ],
          "0.900000" : [
            784.71875,
            "MB"
          ],
          "0.950000" : [
            784.71875,
            "MB"
          ],
          "0.990000" : [
            784.71875,
            "MB"
          ],
          "0.999000" : [
            800.71875,
            "MB"
          ],
          "0.999999" : [
            800.71875,
            "MB"
          ]
        }
      }
    },
    {
      "name" : "lookupSingle",
      "performance" : {
        "count" : 5000000,
        "latencies" : {
          "0.500000" : [
            104.447,
            "μs"
          ],
          "0.600000" : [
            108.879,
            "μs"
          ],
          "0.700000" : [
            113.799,
            "μs"
          ],
          "0.800000" : [
            119.823,
            "μs"
          ],
          "0.900000" : [
            128.751,
            "μs"
          ],
          "0.950000" : [
            136.927,
            "μs"
          ],
          "0.990000" : [
            159.743,
            "μs"
          ],
          "0.999000" : [
            786.431,
            "μs"
          ],
          "0.999999" : [
            33.554431,
            "ms"
          ]
        },
        "throughput" : 1.8590568557043973e+5,
        "time" : [
          26.895358174,
          "s"
        ]
      },
      "usage" : {
        "disk" : {
          "0.500000" : [
            181.1796875,
            "MB"
          ],
          "0.600000" : [
            181.1796875,
            "MB"
          ],
          "0.700000" : [
            181.1796875,
            "MB"
          ],
          "0.800000" : [
            181.1796875,
            "MB"
          ],
          "0.900000" : [
            181.1796875,
            "MB"
          ],
          "0.950000" : [
            181.1796875,
            "MB"
          ],
          "0.990000" : [
            181.1796875,
            "MB"
          ],
          "0.999000" : [
            181.1796875,
            "MB"
          ],
          "0.999999" : [
            181.1796875,
            "MB"
          ]
        },
        "resident" : {
          "0.500000" : [
            236.78515625,
            "MB"
          ],
          "0.600000" : [
            237.421875,
            "MB"
          ],
          "0.700000" : [
            237.8046875,
            "MB"
          ],
          "0.800000" : [
            238.02734375,
            "MB"
          ],
          "0.900000" : [
            238.34765625,
            "MB"
          ],
          "0.950000" : [
            238.44140625,
            "MB"
          ],
          "0.990000" : [
            238.48046875,
            "MB"
          ],
          "0.999000" : [
            238.48046875,
            "MB"
          ],
          "0.999999" : [
            238.48046875,
            "MB"
          ]
        },
        "virtual" : {
          "0.500000" : [
            800.71875,
            "MB"
          ],
          "0.600000" : [
            800.71875,
            "MB"
          ],
          "0.700000" : [
            800.71875,
            "MB"
          ],
          "0.800000" : [
            800.71875,
            "MB"
          ],
          "0.900000" : [
            800.71875,
            "MB"
          ],
          "0.950000" : [
            800.71875,
            "MB"
          ],
          "0.990000" : [
            800.71875,
            "MB"
          ],
          "0.999000" : [
            800.71875,
            "MB"
          ],
          "0.999999" : [
            800.71875,
            "MB"
          ]
        }
      }
    },
    {
      "name" : "lookupSingleHotset",
      "performance" : {
        "count" : 5000000,
        "latencies" : {
          "0.500000" : [
            94.675,
            "μs"
          ],
          "0.600000" : [
            99.903,
            "μs"
          ],
          "0.700000" : [
            105.535,
            "μs"
          ],
          "0.800000" : [
            112.287,
            "μs"
          ],
          "0.900000" : [
            122.079,
            "μs"
          ],
          "0.950000" : [
            130.815,
            "μs"
          ],
          "0.990000" : [
            152.575,
            "μs"
          ],
          "0.999000" : [
            786.431,
            "μs"
          ],
          "0.999999" : [
            33.554431,
            "ms"
          ]
        },
        "throughput" : 1.3028711701994954e+5,
        "time" : [
          38.376779795,
          "s"
        ]
      },
      "usage" : {
        "disk" : {
          "0.500000" : [
            181.1796875,
            "MB"
          ],
          "0.600000" : [
            181.1796875,
            "MB"
          ],
          "0.700000" : [
            181.1796875,
            "MB"
          ],
          "0.800000" : [
            181.1796875,
            "MB"
          ],