{
  "config" : {
    "folder" : "/tmp/test_rocksdb-benchmark_benchmark",
    "hotsetCount" : 5000,
    "keyCount" : 100000,
    "lookupCount" : 500000,
    "rangeLimit" : 20000,
    "threadCount" : 8,
    "transactionSize" : 1000
  },
  "workloads" : [
    {
      "name" : "insert",
      "performance" : {
        "count" : 100000,
        "latencies" : {
          "0.500000" : [
            71.809,
            "μs"
          ],
          "0.600000" : [
            73.945,
            "μs"
          ],
          "0.700000" : [
            76.751,
            "μs"
          ],
          "0.800000" : [
            81.159,
            "μs"
          ],
          "0.900000" : [
            89.423,
            "μs"
          ],
          "0.950000" : [
            99.807,
            "μs"
          ],
          "0.990000" : [
            151.551,
            "μs"
          ],
          "0.999000" : [
            1.048575,
            "ms"
          ],
          "0.999999" : [
            67.108863,
            "ms"
          ]
        },
        "throughput" : 5.837043669111996e+4,
        "time" : [
          1.713196023,
          "s"
        ]
      },
      "usage" : {
        "disk" : {
          "0.500000" : [
            74.5546875,
            "MB"
          ],
          "0.600000" : [
            74.5546875,
            "MB"
          ],
          "0.700000" : [
            74.5546875,
            "MB"
          ],
          "0.800000" : [
            74.5546875,
            "MB"
          ],
          "0.900000" : [
            74.5546875,
            "MB"
          ],
          "0.950000" : [
            74.5546875,
            "MB"
          ],
          "0.990000" : [
            74.5546875,
            "MB"
          ],
          "0.999000" : [
            74.5546875,
            "MB"
          ],
          "0.999999" : [
            74.5546875,
            "MB"
          ]
        },
        "resident" : {
          "0.500000" : [
            10.2734375,
            "MB"
          ],
          "0.600000" : [
            10.2734375,
            "MB"
          ],
          "0.700000" : [
            10.2734375,
            "MB"
          ],
          "0.800000" : [
            10.2734375,
            "MB"
          ],
          "0.900000" : [
            10.2734375,
            "MB"
          ],
          "0.950000" : [
            10.2734375,
            "MB"
          ],
          "0.990000" : [
            10.2734375,
            "MB"
          ],
          "0.999000" : [
            10.2734375,
            "MB"
          ],
          "0.999999" : [
            10.2734375,
            "MB"
          ]
        },
        "virtual" : {
          "0.500000" : [
            124.62109375,
            "MB"
          ],
          "0.600000" : [
            124.62109375,
            "MB"
          ],
          "0.700000" : [
            124.62109375,
            "MB"
          ],
          "0.800000" : [
            124.62109375,
            "MB"
          ],
          "0.900000" : [
            124.62109375,
            "MB"
          ],
          "0.950000" : [
            124.62109375,
            "MB"
          ],
          "0.990000" : [
            124.62109375,
            "MB"
          ],
          "0.999000" : [
            124.62109375,
            "MB"
          ],
          "0.999999" : [
            124.62109375,
            "MB"
          ]
        }
      }
    },
    {
      "name" : "lookupSingle",
      "performance" : {
        "count" : 500000,
        "latencies" : {
          "0.500000" : [
            12.845,
            "μs"
          ],
          "0.600000" : [
            13.257,
            "μs"
          ],
          "0.700000" : [
            13.73,
            "μs"
          ],
          "0.800000" : [
            14.335,
            "μs"
          ],
          "0.900000" : [
            15.324,
            "μs"
          ],
          "0.950000" : [
            16.499,
            "μs"
          ],
          "0.990000" : [
            23.928,
            "μs"
          ],
          "0.999000" : [
            29.76,
            "μs"
          ],
          "0.999999" : [
            750.624,
            "μs"
          ]
        },
        "throughput" : 5.421511984875717e+5,
        "time" : [
          922.25195,
          "ms"
        ]
      },
      "usage" : {
        "disk" : {
          "0.500000" : [
            0,
            "KB"
          ],
          "0.600000" : [
            0,
            "KB"
          ],
          "0.700000" : [
            0,
            "KB"
          ],
          "0.800000" : [
            0,
            "KB"
          ],
          "0.900000" : [
            0,
            "KB"
          ],
          "0.950000" : [
            0,
            "KB"
          ],
          "0.990000" : [
            0,
            "KB"
          ],
          "0.999000" : [
            0,
            "KB"
          ],
          "0.999999" : [
            0,
            "KB"
          ]
        },
        "resident" : {
          "0.500000" : [
            0,
            "KB"
          ],
          "0.600000" : [
            0,
            "KB"
          ],
          "0.700000" : [
            0,
            "KB"
          ],
          "0.800000" : [
            0,
            "KB"
          ],
          "0.900000" : [
            0,
            "KB"
          ],
          "0.950000" : [
            0,
            "KB"
          ],
          "0.990000" : [
            0,
            "KB"
          ],
          "0.999000" : [
            0,
            "KB"
          ],
          "0.999999" : [
            0,
            "KB"
          ]
        },
        "virtual" : {
          "0.500000" : [
            0,
            "KB"
          ],
          "0.600000" : [
            0,
            "KB"
          ],
          "0.700000" : [
            0,
            "KB"
          ],
          "0.800000" : [
            0,
            "KB"
          ],
          "0.900000" : [
            0,
            "KB"
          ],
          "0.950000" : [
            0,
            "KB"
          ],
          "0.990000" : [
            0,
            "KB"
          ],
          "0.999000" : [
            0,
            "KB"
          ],
          "0.999999" : [
            0,
            "KB"
          ]
        }
      }
    },
    {
      "name" : "lookupSingleHotset",
      "performance" : {
        "count" : 500000,
        "latencies" : {
          "0.500000" : [
            13.057,
            "μs"
          ],
          "0.600000" : [
            13.434,
            "μs"
          ],
          "0.700000" : [
            13.861,
            "μs"
          ],
          "0.800000" : [
            14.392,
            "μs"
          ],
          "0.900000" : [
            15.168,
            "μs"
          ],
          "0.950000" : [
            15.849,
            "μs"
          ],
          "0.990000" : [
            17.608,
            "μs"
          ],
          "0.999000" : [
            23.666,
            "μs"
          ],
          "0.999999" : [
            1.779047,
            "ms"
          ]
        },
        "throughput" : 5.557640689714991e+5,
        "time" : [
          899.662335,
          "ms"
        ]
      },
      "usage" : {
        "disk" : {
          "0.500000" : [
            0,
            "KB"
          ],
          "0.600000" : [
            0,
            "KB"
          ],
          "0.700000" : [
            0,
            "KB"
          ],
          "0.800000" : [
            0,
            "KB"
          ],
          "0.900000" : [
            0,
            "KB"
          ],
          "0.950000" : [
            0,
            "KB"
          ],
          "0.990000" : [
            0,
            "KB"
          ],
          "0.999000" : [
            0,
            "KB"
          ],
          "0.999999" : [
            0,
            "KB"
          ]
        },