{
  "config" : {
    "folder" : "/tmp/test_rocksdb-benchmark_benchmark",
    "hotsetCount" : 0,
    "keyCount" : 100000000,
    "lookupCount" : 0,
    "rangeLimit" : 0,
    "threadCount" : 4,
    "transactionSize" : 1000
  },
  "workloads" : [
    {
      "name" : "insert",
      "performance" : {
        "count" : 100000000,
        "latencies" : {
          "0.500000" : [
            151.759,
            "μs"
          ],
          "0.600000" : [
            157.511,
            "μs"
          ],
          "0.700000" : [
            163.535,
            "μs"
          ],
          "0.800000" : [
            170.791,
            "μs"
          ],
          "0.900000" : [
            182.559,
            "μs"
          ],
          "0.950000" : [
            198.015,
            "μs"
          ],
          "0.990000" : [
            487.423,
            "μs"
          ],
          "0.999000" : [
            983.039,
            "μs"
          ],
          "0.999999" : [
            4.294967295,
            "s"
          ]
        },
        "throughput" : 2.3023688712684012e+4,
        "time" : [
          1.2064868546661112,
          "h"
        ]
      },
      "usage" : {
        "disk" : {
          "0.500000" : [
            6.2007904052734375,
            "GB"
          ],
          "0.600000" : [
            7.216922760009766,
            "GB"
          ],
          "0.700000" : [
            8.237266540527344,
            "GB"
          ],
          "0.800000" : [
            9.372196197509766,
            "GB"
          ],
          "0.900000" : [
            10.479385375976563,
            "GB"
          ],
          "0.950000" : [
            10.879634857177734,
            "GB"
          ],
          "0.990000" : [
            11.1954345703125,
            "GB"
          ],
          "0.999000" : [
            11.930648803710938,
            "GB"
          ],
          "0.999999" : [
            12.056976318359375,
            "GB"
          ]
        },
        "resident" : {
          "0.500000" : [
            217.05859375,
            "MB"
          ],
          "0.600000" : [
            223.44140625,
            "MB"
          ],
          "0.700000" : [
            230.06640625,
            "MB"
          ],
          "0.800000" : [
            237.01171875,
            "MB"
          ],
          "0.900000" : [
            245.11328125,
            "MB"
          ],
          "0.950000" : [
            249.94921875,
            "MB"
          ],
          "0.990000" : [
            256.359375,
            "MB"
          ],
          "0.999000" : [
            262.875,
            "MB"
          ],
          "0.999999" : [
            266.30859375,
            "MB"
          ]
        },
        "virtual" : {
          "0.500000" : [
            408.61328125,
            "MB"
          ],
          "0.600000" : [
            432.61328125,
            "MB"
          ],
          "0.700000" : [
            432.61328125,
            "MB"
          ],
          "0.800000" : [
            432.61328125,
            "MB"
          ],
          "0.900000" : [
            440.61328125,
            "MB"
          ],
          "0.950000" : [
            440.61328125,
            "MB"
          ],
          "0.990000" : [
            440.61328125,
            "MB"
          ],
          "0.999000" : [
            440.61328125,
            "MB"
          ],
          "0.999999" : [
            440.61328125,
            "MB"
          ]
        }
      }
    },
    {
      "name" : "insertBatch",
      "performance" : {
        "count" : 100000000,
        "latencies" : {
          "0.500000" : [
            141.295615,
            "ms"
          ],
          "0.600000" : [
            146.931711,
            "ms"
          ],
          "0.700000" : [
            153.640959,
            "ms"
          ],
          "0.800000" : [
            163.659775,
            "ms"
          ],
          "0.900000" : [
            183.369727,
            "ms"
          ],
          "0.950000" : [
            212.860927,
            "ms"
          ],
          "0.990000" : [
            402.653183,
            "ms"
          ],
          "0.999000" : [
            536.870911,
            "ms"
          ],
          "0.999999" : [
            1.073741823,
            "s"
          ]
        },
        "throughput" : 2.5263032272807974e+4,
        "time" : [
          1.0995425045502778,
          "h"
        ]
      },
      "usage" : {
        "disk" : {
          "0.500000" : [
            17.16065216064453,
            "GB"
          ],
          "0.600000" : [
            18.36547088623047,
            "GB"
          ],
          "0.700000" : [
            19.360363006591797,
            "GB"
          ],
          "0.800000" : [
            20.46640396118164,
            "GB"
          ],
          "0.900000" : [
            21.418289184570313,
            "GB"
          ],
          "0.950000" : [
            21.90445327758789,
            "GB"
          ],
          "0.990000" : [
            22.533889770507813,
            "GB"
          ],
          "0.999000" : [
            23.20226287841797,
            "GB"
          ],
          "0.999999" : [
            23.391799926757813,
            "GB"
          ]
        },
        "resident" : {
          "0.500000" : [
            256,
            "MB"
          ],
          "0.600000" : [
            263.0234375,
            "MB"
          ],
          "0.700000" : [
            270.49609375,
            "MB"
          ],
          "0.800000" : [
            279.91015625,
            "MB"
          ],
          "0.900000" : [
            292.62890625,
            "MB"
          ],
          "0.950000" : [
            300.09375,
            "MB"
          ],
          "0.990000" : [
            310.41796875,
            "MB"
          ],
          "0.999000" : [
            317.28515625,
            "MB"
          ],
          "0.999999" : [
            321.07421875,
            "MB"
          ]
        },
        "virtual" : {
          "0.500000" : [
            480.61328125,
            "MB"
          ],
          "0.600000" : [
            480.61328125,
            "MB"
          ],
          "0.700000" : [
            496.61328125,
            "MB"
          ],
          "0.800000" : [
            504.61328125,
            "MB"
          ],
          "0.900000" : [
            520.61328125,
            "MB"
          ],
          "0.950000" : [
            520.61328125,
            "MB"
          ],
          "0.990000" : [
            520.61328125,
            "MB"
          ],
          "0.999000" : [
            520.61328125,
            "MB"
          ],
          "0.999999" : [
            520.61328125,
            "MB"
          ]
        }
      }
    }
  ]
}
