{
  "config" : {
    "folder" : "/tmp/test_rocksdb-benchmark_benchmark",
    "hotsetCount" : 5000,
    "keyCount" : 100000,
    "lookupCount" : 500000,
    "rangeLimit" : 20000,
    "threadCount" : 1,
    "transactionSize" : 1000
  },
  "workloads" : [
    {
      "name" : "insert",
      "performance" : {
        "count" : 100000,
        "latencies" : {
          "0.500000" : [
            52.24,
            "μs"
          ],
          "0.600000" : [
            53.631,
            "μs"
          ],
          "0.700000" : [
            55.271,
            "μs"
          ],
          "0.800000" : [
            57.431,
            "μs"
          ],
          "0.900000" : [
            61.371,
            "μs"
          ],
          "0.950000" : [
            66.932,
            "μs"
          ],
          "0.990000" : [
            91.422,
            "μs"
          ],
          "0.999000" : [
            524.287,
            "μs"
          ],
          "0.999999" : [
            19.30328,
            "ms"
          ]
        },
        "throughput" : 1.6482035623329684e+4,
        "time" : [
          6.067211738,
          "s"
        ]
      },
      "usage" : {
        "disk" : {
          "0.500000" : [
            74.5546875,
            "MB"
          ],
          "0.600000" : [
            74.5546875,
            "MB"
          ],
          "0.700000" : [
            74.5546875,
            "MB"
          ],
          "0.800000" : [
            74.5546875,
            "MB"
          ],
          "0.900000" : [
            74.5546875,
            "MB"
          ],
          "0.950000" : [
            74.5546875,
            "MB"
          ],
          "0.990000" : [
            74.5546875,
            "MB"
          ],
          "0.999000" : [
            74.5546875,
            "MB"
          ],
          "0.999999" : [
            74.5546875,
            "MB"
          ]
        },
        "resident" : {
          "0.500000" : [
            18.44140625,
            "MB"
          ],
          "0.600000" : [
            21.83984375,
            "MB"
          ],
          "0.700000" : [
            21.83984375,
            "MB"
          ],
          "0.800000" : [
            24.94921875,
            "MB"
          ],
          "0.900000" : [
            27.62890625,
            "MB"
          ],
          "0.950000" : [
            27.62890625,
            "MB"
          ],
          "0.990000" : [
            27.62890625,
            "MB"
          ],
          "0.999000" : [
            27.62890625,
            "MB"
          ],
          "0.999999" : [
            27.62890625,
            "MB"
          ]
        },
        "virtual" : {
          "0.500000" : [
            72.59375,
            "MB"
          ],
          "0.600000" : [
            80.59375,
            "MB"
          ],
          "0.700000" : [
            80.59375,
            "MB"
          ],
          "0.800000" : [
            80.59375,
            "MB"
          ],
          "0.900000" : [
            80.59375,
            "MB"
          ],
          "0.950000" : [
            80.59375,
            "MB"
          ],
          "0.990000" : [
            80.59375,
            "MB"
          ],
          "0.999000" : [
            80.59375,
            "MB"
          ],
          "0.999999" : [
            80.59375,
            "MB"
          ]
        }
      }
    },
    {
      "name" : "lookupSingle",
      "performance" : {
        "count" : 500000,
        "latencies" : {
          "0.500000" : [
            10.8,
            "μs"
          ],
          "0.600000" : [
            11.141,
            "μs"
          ],
          "0.700000" : [
            11.53,
            "μs"
          ],
          "0.800000" : [
            12.019,
            "μs"
          ],
          "0.900000" : [
            12.761,
            "μs"
          ],
          "0.950000" : [
            13.447,
            "μs"
          ],
          "0.990000" : [
            15.044,
            "μs"
          ],
          "0.999000" : [
            21.423,
            "μs"
          ],
          "0.999999" : [
            499.834,
            "μs"
          ]
        },
        "throughput" : 8.650966033142312e+4,
        "time" : [
          5.779701343,
          "s"
        ]
      },
      "usage" : {
        "disk" : {
          "0.500000" : [
            74.5546875,
            "MB"
          ],
          "0.600000" : [
            74.5546875,
            "MB"
          ],
          "0.700000" : [
            74.5546875,
            "MB"
          ],
          "0.800000" : [
            74.5546875,
            "MB"
          ],
          "0.900000" : [
            74.5546875,
            "MB"
          ],
          "0.950000" : [
            74.5546875,
            "MB"
          ],
          "0.990000" : [
            74.5546875,
            "MB"
          ],
          "0.999000" : [
            74.5546875,
            "MB"
          ],
          "0.999999" : [
            74.5546875,
            "MB"
          ]
        },
        "resident" : {
          "0.500000" : [
            31.546875,
            "MB"
          ],
          "0.600000" : [
            31.546875,
            "MB"
          ],
          "0.700000" : [
            31.57421875,
            "MB"
          ],
          "0.800000" : [
            31.57421875,
            "MB"
          ],
          "0.900000" : [
            31.6171875,
            "MB"
          ],
          "0.950000" : [
            31.6171875,
            "MB"
          ],
          "0.990000" : [
            31.6171875,
            "MB"
          ],
          "0.999000" : [
            31.6171875,
            "MB"
          ],
          "0.999999" : [
            31.6171875,
            "MB"
          ]
        },
        "virtual" : {
          "0.500000" : [
            92.59375,
            "MB"
          ],
          "0.600000" : [
            92.59375,
            "MB"
          ],
          "0.700000" : [
            92.59375,
            "MB"
          ],
          "0.800000" : [
            92.59375,
            "MB"
          ],
          "0.900000" : [
            92.59375,
            "MB"
          ],
          "0.950000" : [
            92.59375,
            "MB"
          ],
          "0.990000" : [
            92.59375,
            "MB"
          ],
          "0.999000" : [
            92.59375,
            "MB"
          ],
          "0.999999" : [
            92.59375,
            "MB"
          ]
        }
      }
    },
    {
      "name" : "lookupSingleHotset",
      "performance" : {
        "count" : 500000,
        "latencies" : {
          "0.500000" : [
            10.706,
            "μs"
          ],
          "0.600000" : [
            11.039,
            "μs"
          ],
          "0.700000" : [
            11.416,
            "μs"
          ],
          "0.800000" : [
            11.905,
            "μs"
          ],
          "0.900000" : [
            12.657,
            "μs"
          ],
          "0.950000" : [
            13.313,
            "μs"
          ],
          "0.990000" : [
            14.648,
            "μs"
          ],
          "0.999000" : [
            25.289,
            "μs"
          ],
          "0.999999" : [
            495.755,
            "μs"
          ]
        },
        "throughput" : 8.707209991197189e+4,
        "time" : [
          5.742367538,
          "s"
        ]
      },
      "usage" : {
        "disk" : {
          "0.500000" : [
            74.5546875,
            "MB"
          ],
          "0.600000" : [
            74.5546875,
            "MB"
          ],
          "0.700000" : [
            74.5546875,
            "MB"
          ],
          "0.800000" : [
            74.5546875,
            "MB"
          ],
          "0.900000" : [
            74.5546875,
            "MB"
          ],