{
  "config" : {
    "folder" : "/tmp/test_rocksdb-benchmark_benchmark",
    "hotsetCount" : 500000,
    "keyCount" : 10000000,
    "lookupCount" : 50000000,
    "rangeLimit" : 2000000,
    "threadCount" : 4,
    "transactionSize" : 1000
  },
  "workloads" : [
    {
      "name" : "insert",
      "performance" : {
        "count" : 10000000,
        "latencies" : {
          "0.500000" : [
            128.295,
            "μs"
          ],
          "0.600000" : [
            135.079,
            "μs"
          ],
          "0.700000" : [
            142.495,
            "μs"
          ],
          "0.800000" : [
            150.335,
            "μs"
          ],
          "0.900000" : [
            160.895,
            "μs"
          ],
          "0.950000" : [
            170.143,
            "μs"
          ],
          "0.990000" : [
            198.655,
            "μs"
          ],
          "0.999000" : [
            524.287,
            "μs"
          ],
          "0.999999" : [
            536.870911,
            "ms"
          ]
        },
        "throughput" : 2.8598093068657538e+4,
        "time" : [
          5.827894407733333,
          "m"
        ]
      },
      "usage" : {
        "disk" : {
          "0.500000" : [
            718.37890625,
            "MB"
          ],
          "0.600000" : [
            795.921875,
            "MB"
          ],
          "0.700000" : [
            908.36328125,
            "MB"
          ],
          "0.800000" : [
            1021.25390625,
            "MB"
          ],
          "0.900000" : [
            1.0935287475585938,
            "GB"
          ],
          "0.950000" : [
            1.2425575256347656,
            "GB"
          ],
          "0.990000" : [
            1.4942665100097656,
            "GB"
          ],
          "0.999000" : [
            1.6207389831542969,
            "GB"
          ],
          "0.999999" : [
            1.6207389831542969,
            "GB"
          ]
        },
        "resident" : {
          "0.500000" : [
            188.6875,
            "MB"
          ],
          "0.600000" : [
            195.53515625,
            "MB"
          ],
          "0.700000" : [
            201.8046875,
            "MB"
          ],
          "0.800000" : [
            207.9453125,
            "MB"
          ],
          "0.900000" : [
            214.8046875,
            "MB"
          ],
          "0.950000" : [
            217.59765625,
            "MB"
          ],
          "0.990000" : [
            221.84375,
            "MB"
          ],
          "0.999000" : [
            224.80078125,
            "MB"
          ],
          "0.999999" : [
            224.80078125,
            "MB"
          ]
        },
        "virtual" : {
          "0.500000" : [
            376.61328125,
            "MB"
          ],
          "0.600000" : [
            376.61328125,
            "MB"
          ],
          "0.700000" : [
            376.61328125,
            "MB"
          ],
          "0.800000" : [
            376.61328125,
            "MB"
          ],
          "0.900000" : [
            376.61328125,
            "MB"
          ],
          "0.950000" : [
            376.61328125,
            "MB"
          ],
          "0.990000" : [
            376.61328125,
            "MB"
          ],
          "0.999000" : [
            376.61328125,
            "MB"
          ],
          "0.999999" : [
            376.61328125,
            "MB"
          ]
        }
      }
    },
    {
      "name" : "lookupSingle",
      "performance" : {
        "count" : 50000000,
        "latencies" : {
          "0.500000" : [
            42.588,
            "μs"
          ],
          "0.600000" : [
            43.211,
            "μs"
          ],
          "0.700000" : [
            43.945,
            "μs"
          ],
          "0.800000" : [
            44.914,
            "μs"
          ],
          "0.900000" : [
            46.599,
            "μs"
          ],
          "0.950000" : [
            48.743,
            "μs"
          ],
          "0.990000" : [
            59.135,
            "μs"
          ],
          "0.999000" : [
            81.919,
            "μs"
          ],
          "0.999999" : [
            16.777215,
            "ms"
          ]
        },
        "throughput" : 8.944677264688173e+4,
        "time" : [
          9.316527680916666,
          "m"
        ]
      },
      "usage" : {
        "disk" : {
          "0.500000" : [
            1.1092872619628906,
            "GB"
          ],
          "0.600000" : [
            1.1092872619628906,
            "GB"
          ],
          "0.700000" : [
            1.1092872619628906,
            "GB"
          ],
          "0.800000" : [
            1.1092872619628906,
            "GB"
          ],
          "0.900000" : [
            1.1092872619628906,
            "GB"
          ],
          "0.950000" : [
            1.1092872619628906,
            "GB"
          ],
          "0.990000" : [
            1.1092872619628906,
            "GB"
          ],
          "0.999000" : [
            1.1092872619628906,
            "GB"
          ],
          "0.999999" : [
            1.1092872619628906,
            "GB"
          ]
        },
        "resident" : {
          "0.500000" : [
            217.50390625,
            "MB"
          ],
          "0.600000" : [
            217.64453125,
            "MB"
          ],
          "0.700000" : [
            217.76953125,
            "MB"
          ],
          "0.800000" : [
            217.91015625,
            "MB"
          ],
          "0.900000" : [
            218.08984375,
            "MB"
          ],
          "0.950000" : [
            218.2109375,
            "MB"
          ],
          "0.990000" : [
            218.375,
            "MB"
          ],
          "0.999000" : [
            218.5234375,
            "MB"
          ],
          "0.999999" : [
            218.5234375,
            "MB"
          ]
        },
        "virtual" : {
          "0.500000" : [
            376.61328125,
            "MB"
          ],
          "0.600000" : [
            376.61328125,
            "MB"
          ],
          "0.700000" : [
            376.61328125,
            "MB"
          ],
          "0.800000" : [
            376.61328125,
            "MB"
          ],
          "0.900000" : [
            376.61328125,
            "MB"
          ],
          "0.950000" : [
            376.61328125,
            "MB"
          ],
          "0.990000" : [
            376.61328125,
            "MB"
          ],
          "0.999000" : [
            376.61328125,
            "MB"
          ],
          "0.999999" : [
            376.61328125,
            "MB"
          ]
        }
      }
    },
    {
      "name" : "lookupSingleHotset",
      "performance" : {
        "count" : 50000000,
        "latencies" : {
          "0.500000" : [
            42.063,
            "μs"
          ],
          "0.600000" : [
            42.676,
            "μs"
          ],
          "0.700000" : [
            43.381,
            "μs"
          ],
          "0.800000" : [
            44.316,
            "μs"
          ],
          "0.900000" : [
            45.983,
            "μs"
          ],
          "0.950000" : [
            48.167,
            "μs"
          ],
          "0.990000" : [
            58.687,
            "μs"
          ],
          "0.999000" : [
            81.919,
            "μs"
          ],
          "0.999999" : [
            16.777215,
            "ms"
          ]
        },
        "throughput" : 9.058477617582762e+4,
        "time" : [
          9.19948548215,
          "m"
        ]
      },
      "usage" : {
        "disk" : {
          "0.500000" : [
            1.1092872619628906,
            "GB"
          ],
          "0.600000" : [
            1.1092872619628906,
            "GB"
          ],