{
  "config" : {
    "folder" : "/tmp/test_rocksdb-benchmark_benchmark",
    "hotsetCount" : 5000,
    "keyCount" : 100000,
    "lookupCount" : 500000,
    "rangeLimit" : 20000,
    "threadCount" : 32,
    "transactionSize" : 1000
  },
  "workloads" : [
    {
      "name" : "insert",
      "performance" : {
        "count" : 100000,
        "latencies" : {
          "0.500000" : [
            170.139,
            "μs"
          ],
          "0.600000" : [
            175.423,
            "μs"
          ],
          "0.700000" : [
            181.194,
            "μs"
          ],
          "0.800000" : [
            189.727,
            "μs"
          ],
          "0.900000" : [
            222.975,
            "μs"
          ],
          "0.950000" : [
            296.575,
            "μs"
          ],
          "0.990000" : [
            524.287,
            "μs"
          ],
          "0.999000" : [
            2.097151,
            "ms"
          ],
          "0.999999" : [
            134.217727,
            "ms"
          ]
        },
        "throughput" : 8.101838305653223e+4,
        "time" : [
          1.234287778,
          "s"
        ]
      },
      "usage" : {
        "disk" : {
          "0.500000" : [
            74.5546875,
            "MB"
          ],
          "0.600000" : [
            74.5546875,
            "MB"
          ],
          "0.700000" : [
            74.5546875,
            "MB"
          ],
          "0.800000" : [
            74.5546875,
            "MB"
          ],
          "0.900000" : [
            74.5546875,
            "MB"
          ],
          "0.950000" : [
            74.5546875,
            "MB"
          ],
          "0.990000" : [
            74.5546875,
            "MB"
          ],
          "0.999000" : [
            74.5546875,
            "MB"
          ],
          "0.999999" : [
            74.5546875,
            "MB"
          ]
        },
        "resident" : {
          "0.500000" : [
            10.3125,
            "MB"
          ],
          "0.600000" : [
            10.3125,
            "MB"
          ],
          "0.700000" : [
            10.3125,
            "MB"
          ],
          "0.800000" : [
            10.3125,
            "MB"
          ],
          "0.900000" : [
            10.3125,
            "MB"
          ],
          "0.950000" : [
            10.3125,
            "MB"
          ],
          "0.990000" : [
            10.3125,
            "MB"
          ],
          "0.999000" : [
            10.3125,
            "MB"
          ],
          "0.999999" : [
            10.3125,
            "MB"
          ]
        },
        "virtual" : {
          "0.500000" : [
            184.640625,
            "MB"
          ],
          "0.600000" : [
            184.640625,
            "MB"
          ],
          "0.700000" : [
            184.640625,
            "MB"
          ],
          "0.800000" : [
            184.640625,
            "MB"
          ],
          "0.900000" : [
            184.640625,
            "MB"
          ],
          "0.950000" : [
            184.640625,
            "MB"
          ],
          "0.990000" : [
            184.640625,
            "MB"
          ],
          "0.999000" : [
            184.640625,
            "MB"
          ],
          "0.999999" : [
            184.640625,
            "MB"
          ]
        }
      }
    },
    {
      "name" : "lookupSingle",
      "performance" : {
        "count" : 500000,
        "latencies" : {
          "0.500000" : [
            24.263,
            "μs"
          ],
          "0.600000" : [
            24.991,
            "μs"
          ],
          "0.700000" : [
            25.814,
            "μs"
          ],
          "0.800000" : [
            26.842,
            "μs"
          ],
          "0.900000" : [
            28.435,
            "μs"
          ],
          "0.950000" : [
            29.968,
            "μs"
          ],
          "0.990000" : [
            34.495,
            "μs"
          ],
          "0.999000" : [
            42.617,
            "μs"
          ],
          "0.999999" : [
            4.96489,
            "ms"
          ]
        },
        "throughput" : 9.289880011240904e+5,
        "time" : [
          538.220084,
          "ms"
        ]
      },
      "usage" : {
        "disk" : {
          "0.500000" : [
            0,
            "KB"
          ],
          "0.600000" : [
            0,
            "KB"
          ],
          "0.700000" : [
            0,
            "KB"
          ],
          "0.800000" : [
            0,
            "KB"
          ],
          "0.900000" : [
            0,
            "KB"
          ],
          "0.950000" : [
            0,
            "KB"
          ],
          "0.990000" : [
            0,
            "KB"
          ],
          "0.999000" : [
            0,
            "KB"
          ],
          "0.999999" : [
            0,
            "KB"
          ]
        },
        "resident" : {
          "0.500000" : [
            0,
            "KB"
          ],
          "0.600000" : [
            0,
            "KB"
          ],
          "0.700000" : [
            0,
            "KB"
          ],
          "0.800000" : [
            0,
            "KB"
          ],
          "0.900000" : [
            0,
            "KB"
          ],
          "0.950000" : [
            0,
            "KB"
          ],
          "0.990000" : [
            0,
            "KB"
          ],
          "0.999000" : [
            0,
            "KB"
          ],
          "0.999999" : [
            0,
            "KB"
          ]
        },
        "virtual" : {
          "0.500000" : [
            0,
            "KB"
          ],
          "0.600000" : [
            0,
            "KB"
          ],
          "0.700000" : [
            0,
            "KB"
          ],
          "0.800000" : [
            0,
            "KB"
          ],
          "0.900000" : [
            0,
            "KB"
          ],
          "0.950000" : [
            0,
            "KB"
          ],
          "0.990000" : [
            0,
            "KB"
          ],
          "0.999000" : [
            0,
            "KB"
          ],
          "0.999999" : [
            0,
            "KB"
          ]
        }
      }
    },
    {
      "name" : "lookupSingleHotset",
      "performance" : {
        "count" : 500000,
        "latencies" : {
          "0.500000" : [
            23.381,
            "μs"
          ],
          "0.600000" : [
            24.086,
            "μs"
          ],
          "0.700000" : [
            24.873,
            "μs"
          ],
          "0.800000" : [
            25.847,
            "μs"
          ],
          "0.900000" : [
            27.324,
            "μs"
          ],
          "0.950000" : [
            28.695,
            "μs"
          ],
          "0.990000" : [
            33.158,
            "μs"
          ],
          "0.999000" : [
            44.429,
            "μs"
          ],
          "0.999999" : [
            4.154591,
            "ms"
          ]
        },
        "throughput" : 9.734370275575486e+5,
        "time" : [
          513.643909,
          "ms"
        ]
      },
      "usage" : {
        "disk" : {
          "0.500000" : [
            0,
            "KB"
          ],
          "0.600000" : [
            0,
            "KB"
          ],
          "0.700000" : [
            0,
            "KB"
          ],
          "0.800000" : [
            0,
            "KB"
          ],
          "0.900000" : [
            0,
            "KB"
          ],
          "0.950000" : [
            0,
            "KB"
          ],
          "0.990000" : [
            0,
            "KB"
          ],
          "0.999000" : [
            0,
            "KB"
          ],
          "0.999999" : [
            0,
            "KB"
          ]
        },