{
  "config" : {
    "folder" : "/tmp/test_rocksdb-benchmark_benchmark",
    "hotsetCount" : 50000,
    "keyCount" : 1000000,
    "lookupCount" : 5000000,
    "rangeLimit" : 200000,
    "threadCount" : 2,
    "transactionSize" : 1000
  },
  "workloads" : [
    {
      "name" : "insert",
      "performance" : {
        "count" : 1000000,
        "latencies" : {
          "0.500000" : [
            77.651,
            "μs"
          ],
          "0.600000" : [
            81.839,
            "μs"
          ],
          "0.700000" : [
            87.567,
            "μs"
          ],
          "0.800000" : [
            93.583,
            "μs"
          ],
          "0.900000" : [
            99.135,
            "μs"
          ],
          "0.950000" : [
            103.487,
            "μs"
          ],
          "0.990000" : [
            121.087,
            "μs"
          ],
          "0.999000" : [
            524.287,
            "μs"
          ],
          "0.999999" : [
            134.217727,
            "ms"
          ]
        },
        "throughput" : 2.2955695577779312e+4,
        "time" : [
          43.56217378,
          "s"
        ]
      },
      "usage" : {
        "disk" : {
          "0.500000" : [
            112.6171875,
            "MB"
          ],
          "0.600000" : [
            112.6171875,
            "MB"
          ],
          "0.700000" : [
            150.7265625,
            "MB"
          ],
          "0.800000" : [
            150.7265625,
            "MB"
          ],
          "0.900000" : [
            150.7265625,
            "MB"
          ],
          "0.950000" : [
            150.7265625,
            "MB"
          ],
          "0.990000" : [
            183.01953125,
            "MB"
          ],
          "0.999000" : [
            183.01953125,
            "MB"
          ],
          "0.999999" : [
            183.01953125,
            "MB"
          ]
        },
        "resident" : {
          "0.500000" : [
            125.7265625,
            "MB"
          ],
          "0.600000" : [
            141.37109375,
            "MB"
          ],
          "0.700000" : [
            157.1328125,
            "MB"
          ],
          "0.800000" : [
            174.21484375,
            "MB"
          ],
          "0.900000" : [
            187.375,
            "MB"
          ],
          "0.950000" : [
            194.0234375,
            "MB"
          ],
          "0.990000" : [
            198.6328125,
            "MB"
          ],
          "0.999000" : [
            198.6328125,
            "MB"
          ],
          "0.999999" : [
            198.6328125,
            "MB"
          ]
        },
        "virtual" : {
          "0.500000" : [
            208.6015625,
            "MB"
          ],
          "0.600000" : [
            224.6015625,
            "MB"
          ],
          "0.700000" : [
            240.6015625,
            "MB"
          ],
          "0.800000" : [
            256.6015625,
            "MB"
          ],
          "0.900000" : [
            264.6015625,
            "MB"
          ],
          "0.950000" : [
            272.6015625,
            "MB"
          ],
          "0.990000" : [
            280.6015625,
            "MB"
          ],
          "0.999000" : [
            280.6015625,
            "MB"
          ],
          "0.999999" : [
            280.6015625,
            "MB"
          ]
        }
      }
    },
    {
      "name" : "lookupSingle",
      "performance" : {
        "count" : 5000000,
        "latencies" : {
          "0.500000" : [
            38.49,
            "μs"
          ],
          "0.600000" : [
            39.855,
            "μs"
          ],
          "0.700000" : [
            41.169,
            "μs"
          ],
          "0.800000" : [
            42.541,
            "μs"
          ],
          "0.900000" : [
            44.303,
            "μs"
          ],
          "0.950000" : [
            45.823,
            "μs"
          ],
          "0.990000" : [
            50.751,
            "μs"
          ],
          "0.999000" : [
            77.823,
            "μs"
          ],
          "0.999999" : [
            8.388607,
            "ms"
          ]
        },
        "throughput" : 5.0626102696312475e+4,
        "time" : [
          1.6460546811833334,
          "m"
        ]
      },
      "usage" : {
        "disk" : {
          "0.500000" : [
            150.7265625,
            "MB"
          ],
          "0.600000" : [
            150.7265625,
            "MB"
          ],
          "0.700000" : [
            150.7265625,
            "MB"
          ],
          "0.800000" : [
            150.7265625,
            "MB"
          ],
          "0.900000" : [
            150.7265625,
            "MB"
          ],
          "0.950000" : [
            150.7265625,
            "MB"
          ],
          "0.990000" : [
            150.7265625,
            "MB"
          ],
          "0.999000" : [
            150.7265625,
            "MB"
          ],
          "0.999999" : [
            150.7265625,
            "MB"
          ]
        },
        "resident" : {
          "0.500000" : [
            203.9296875,
            "MB"
          ],
          "0.600000" : [
            203.93359375,
            "MB"
          ],
          "0.700000" : [
            203.93359375,
            "MB"
          ],
          "0.800000" : [
            203.93359375,
            "MB"
          ],
          "0.900000" : [
            203.93359375,
            "MB"
          ],
          "0.950000" : [
            203.93359375,
            "MB"
          ],
          "0.990000" : [
            203.93359375,
            "MB"
          ],
          "0.999000" : [
            203.93359375,
            "MB"
          ],
          "0.999999" : [
            203.93359375,
            "MB"
          ]
        },
        "virtual" : {
          "0.500000" : [
            284.6015625,
            "MB"
          ],
          "0.600000" : [
            284.6015625,
            "MB"
          ],
          "0.700000" : [
            284.6015625,
            "MB"
          ],
          "0.800000" : [
            284.6015625,
            "MB"
          ],
          "0.900000" : [
            284.6015625,
            "MB"
          ],
          "0.950000" : [
            284.6015625,
            "MB"
          ],
          "0.990000" : [
            284.6015625,
            "MB"
          ],
          "0.999000" : [
            284.6015625,
            "MB"
          ],
          "0.999999" : [
            284.6015625,
            "MB"
          ]
        }
      }
    },
    {
      "name" : "lookupSingleHotset",
      "performance" : {
        "count" : 5000000,
        "latencies" : {
          "0.500000" : [
            35.229,
            "μs"
          ],
          "0.600000" : [
            36.599,
            "μs"
          ],
          "0.700000" : [
            38.231,
            "μs"
          ],
          "0.800000" : [
            40.191,
            "μs"
          ],
          "0.900000" : [
            42.615,
            "μs"
          ],
          "0.950000" : [
            44.415,
            "μs"
          ],
          "0.990000" : [
            48.959,
            "μs"
          ],
          "0.999000" : [
            71.679,
            "μs"
          ],
          "0.999999" : [
            8.388607,
            "ms"
          ]
        },
        "throughput" : 5.426104907826716e+4,
        "time" : [
          1.5357855174,
          "m"
        ]
      },
      "usage" : {
        "disk" : {
          "0.500000" : [
            150.7265625,
            "MB"
          ],
          "0.600000" : [
            150.7265625,
            "MB"
          ],
          "0.700000" : [
            150.7265625,
            "MB"
          ],
          "0.800000" : [
            150.7265625,
            "MB"
          ],