{
  "config" : {
    "folder" : "/tmp/test_rocksdb-benchmark_benchmark",
    "hotsetCount" : 500000,
    "keyCount" : 10000000,
    "lookupCount" : 50000000,
    "rangeLimit" : 2000000,
    "threadCount" : 8,
    "transactionSize" : 1000
  },
  "workloads" : [
    {
      "name" : "insert",
      "performance" : {
        "count" : 10000000,
        "latencies" : {
          "0.500000" : [
            157.391,
            "μs"
          ],
          "0.600000" : [
            165.055,
            "μs"
          ],
          "0.700000" : [
            172.791,
            "μs"
          ],
          "0.800000" : [
            181.631,
            "μs"
          ],
          "0.900000" : [
            195.487,
            "μs"
          ],
          "0.950000" : [
            210.623,
            "μs"
          ],
          "0.990000" : [
            280.063,
            "μs"
          ],
          "0.999000" : [
            524.287,
            "μs"
          ],
          "0.999999" : [
            1.073741823,
            "s"
          ]
        },
        "throughput" : 4.5397189161271024e+4,
        "time" : [
          3.6712992532333333,
          "m"
        ]
      },
      "usage" : {
        "disk" : {
          "0.500000" : [
            732.6328125,
            "MB"
          ],
          "0.600000" : [
            797.16796875,
            "MB"
          ],
          "0.700000" : [
            922.87890625,
            "MB"
          ],
          "0.800000" : [
            1.0483970642089844,
            "GB"
          ],
          "0.900000" : [
            1.2127876281738281,
            "GB"
          ],
          "0.950000" : [
            1.3436927795410156,
            "GB"
          ],
          "0.990000" : [
            1.5275688171386719,
            "GB"
          ],
          "0.999000" : [
            1.5699577331542969,
            "GB"
          ],
          "0.999999" : [
            1.5699577331542969,
            "GB"
          ]
        },
        "resident" : {
          "0.500000" : [
            198.81640625,
            "MB"
          ],
          "0.600000" : [
            205.0859375,
            "MB"
          ],
          "0.700000" : [
            210.2578125,
            "MB"
          ],
          "0.800000" : [
            218.38671875,
            "MB"
          ],
          "0.900000" : [
            223.1328125,
            "MB"
          ],
          "0.950000" : [
            229.07421875,
            "MB"
          ],
          "0.990000" : [
            235.125,
            "MB"
          ],
          "0.999000" : [
            237.46484375,
            "MB"
          ],
          "0.999999" : [
            237.46484375,
            "MB"
          ]
        },
        "virtual" : {
          "0.500000" : [
            444.62890625,
            "MB"
          ],
          "0.600000" : [
            444.62890625,
            "MB"
          ],
          "0.700000" : [
            444.62890625,
            "MB"
          ],
          "0.800000" : [
            444.62890625,
            "MB"
          ],
          "0.900000" : [
            444.62890625,
            "MB"
          ],
          "0.950000" : [
            444.62890625,
            "MB"
          ],
          "0.990000" : [
            444.62890625,
            "MB"
          ],
          "0.999000" : [
            444.62890625,
            "MB"
          ],
          "0.999999" : [
            444.62890625,
            "MB"
          ]
        }
      }
    },
    {
      "name" : "lookupSingle",
      "performance" : {
        "count" : 50000000,
        "latencies" : {
          "0.500000" : [
            56.899,
            "μs"
          ],
          "0.600000" : [
            57.965,
            "μs"
          ],
          "0.700000" : [
            59.081,
            "μs"
          ],
          "0.800000" : [
            60.413,
            "μs"
          ],
          "0.900000" : [
            62.611,
            "μs"
          ],
          "0.950000" : [
            65.479,
            "μs"
          ],
          "0.990000" : [
            73.983,
            "μs"
          ],
          "0.999000" : [
            106.495,
            "μs"
          ],
          "0.999999" : [
            16.777215,
            "ms"
          ]
        },
        "throughput" : 1.341398294390809e+5,
        "time" : [
          6.2124227891,
          "m"
        ]
      },
      "usage" : {
        "disk" : {
          "0.500000" : [
            1.1219062805175781,
            "GB"
          ],
          "0.600000" : [
            1.1219062805175781,
            "GB"
          ],
          "0.700000" : [
            1.1219062805175781,
            "GB"
          ],
          "0.800000" : [
            1.1219062805175781,
            "GB"
          ],
          "0.900000" : [
            1.1219062805175781,
            "GB"
          ],
          "0.950000" : [
            1.1219062805175781,
            "GB"
          ],
          "0.990000" : [
            1.1219062805175781,
            "GB"
          ],
          "0.999000" : [
            1.1219062805175781,
            "GB"
          ],
          "0.999999" : [
            1.1219062805175781,
            "GB"
          ]
        },
        "resident" : {
          "0.500000" : [
            207.92578125,
            "MB"
          ],
          "0.600000" : [
            208.046875,
            "MB"
          ],
          "0.700000" : [
            208.17578125,
            "MB"
          ],
          "0.800000" : [
            208.296875,
            "MB"
          ],
          "0.900000" : [
            208.5078125,
            "MB"
          ],
          "0.950000" : [
            208.66015625,
            "MB"
          ],
          "0.990000" : [
            208.84765625,
            "MB"
          ],
          "0.999000" : [
            208.9453125,
            "MB"
          ],
          "0.999999" : [
            208.9453125,
            "MB"
          ]
        },
        "virtual" : {
          "0.500000" : [
            444.62890625,
            "MB"
          ],
          "0.600000" : [
            444.62890625,
            "MB"
          ],
          "0.700000" : [
            444.62890625,
            "MB"
          ],
          "0.800000" : [
            444.62890625,
            "MB"
          ],
          "0.900000" : [
            444.62890625,
            "MB"
          ],
          "0.950000" : [
            444.62890625,
            "MB"
          ],
          "0.990000" : [
            444.62890625,
            "MB"
          ],
          "0.999000" : [
            444.62890625,
            "MB"
          ],
          "0.999999" : [
            444.62890625,
            "MB"
          ]
        }
      }
    },
    {
      "name" : "lookupSingleHotset",
      "performance" : {
        "count" : 50000000,
        "latencies" : {
          "0.500000" : [
            55.976,
            "μs"
          ],
          "0.600000" : [
            57.075,
            "μs"
          ],
          "0.700000" : [
            58.211,
            "μs"
          ],
          "0.800000" : [
            59.575,
            "μs"
          ],
          "0.900000" : [
            61.835,
            "μs"
          ],
          "0.950000" : [
            64.671,
            "μs"
          ],
          "0.990000" : [
            73.279,
            "μs"
          ],
          "0.999000" : [
            102.399,
            "μs"
          ],
          "0.999999" : [
            16.777215,
            "ms"
          ]
        },
        "throughput" : 1.3674045139542187e+5,
        "time" : [
          6.094270750383333,
          "m"
        ]
      },
      "usage" : {
        "disk" : {
          "0.500000" : [
            1.1219062805175781,
            "GB"
          ],
          "0.600000" : [
            1.1219062805175781,
            "GB"
          ],